part_id,part_family,validation_status
ABAND_BARREL,ABAND_BARREL,UNTESTED
ABAND_BENCH,ABAND_BENCH,UNTESTED
ABAND_CASE,ABAND_CASE,UNTESTED
ABAND_CRATE_L,ABAND_CRATE_L,UNTESTED
ABAND_CRATE_M,ABAND_CRATE,UNTESTED
ABAND_CRATE_XL,ABAND_CRATE_XL,UNTESTED
ABAND_SHELF,ABAND_SHELF,UNTESTED
AIRLCKCONNECTOR,AIRLCKCONNECTOR,UNTESTED
ARCHIVE,ARCHIVE,UNTESTED
BARRENPLANT,BARRENPLANT,UNTESTED
BASECAPSULE,BASECAPSULE,UNTESTED
BASE_AQUARIUM,BASE_AQUARIUM,UNTESTED
BASE_BARNACLE,BASE_BARNACLE,UNTESTED
BASE_BEAMSTONE,BASE_BEAMSTONE,UNTESTED
BASE_BONEGARDEN,BASE_BONEGARDEN,UNTESTED
BASE_BUBBLECLUS,BASE_BUBBLECLUS,UNTESTED
BASE_BUBPIPE,BASE_BUBPIPE,UNTESTED
BASE_BUBPIPE_L,BASE_BUBPIPE_L,UNTESTED
BASE_BUBPIPE_S,BASE_BUBPIPE_S,UNTESTED
BASE_BUBPIPE_T,BASE_BUBPIPE_T,UNTESTED
BASE_BUBPIPE_X,BASE_BUBPIPE_X,UNTESTED
BASE_CAVE1,BASE_CAVE1,UNTESTED
BASE_CAVE2,BASE_CAVE2,UNTESTED
BASE_CAVE3,BASE_CAVE3,UNTESTED
BASE_CAVE4,BASE_CAVE4,UNTESTED
BASE_CAVE5,BASE_CAVE5,UNTESTED
BASE_COLDPLANT1,BASE_COLDPLANT1,UNTESTED
BASE_COLDPLANT2,BASE_COLDPLANT2,UNTESTED
BASE_COLDPLANT3,BASE_COLDPLANT3,UNTESTED
BASE_CONTOURPOD,BASE_CONTOURPOD,UNTESTED
BASE_DUST01,BASE_DUST01,UNTESTED
BASE_DUST02,BASE_DUST02,UNTESTED
BASE_DUST03,BASE_DUST03,UNTESTED
BASE_DUST04,BASE_DUST04,UNTESTED
BASE_DUST05,BASE_DUST05,UNTESTED
BASE_DUST06,BASE_DUST06,UNTESTED
BASE_DUST07,BASE_DUST07,UNTESTED
BASE_DUST08,BASE_DUST08,UNTESTED
BASE_DUST09,BASE_DUST09,UNTESTED
BASE_DUST10,BASE_DUST10,UNTESTED
BASE_DUST11,BASE_DUST11,UNTESTED
BASE_DUST12,BASE_DUST12,UNTESTED
BASE_DUST13,BASE_DUST13,UNTESTED
BASE_DUSTPLANT1,BASE_DUSTPLANT1,UNTESTED
BASE_DUSTPLANT2,BASE_DUSTPLANT2,UNTESTED
BASE_DUSTPLANT3,BASE_DUSTPLANT3,UNTESTED
BASE_ENGINEORB,BASE_ENGINEORB,UNTESTED
BASE_FLAG,BASE_FLAG,UNTESTED
BASE_FLORAL01,BASE_FLORAL01,UNTESTED
BASE_FLORAL02,BASE_FLORAL02,UNTESTED
BASE_FLORAL03,BASE_FLORAL03,UNTESTED
BASE_FLORAL04,BASE_FLORAL04,UNTESTED
BASE_FLOWER1,BASE_FLOWER1,UNTESTED
BASE_FLOWER2,BASE_FLOWER2,UNTESTED
BASE_FLOWER3,BASE_FLOWER3,UNTESTED
BASE_FLYINGFERN,BASE_FLYINGFERN,UNTESTED
BASE_FOXGLOVE01,BASE_FOXGLOVE01,UNTESTED
BASE_GRASS1,BASE_GRASS1,UNTESTED
BASE_GRASS2,BASE_GRASS2,UNTESTED
BASE_GRASS3,BASE_GRASS3,UNTESTED
BASE_GRASS4,BASE_GRASS4,UNTESTED
BASE_GRASS5,BASE_GRASS5,UNTESTED
BASE_GRASS6,BASE_GRASS6,UNTESTED
BASE_GRASS7,BASE_GRASS7,UNTESTED
BASE_HOTPLANT01,BASE_HOTPLANT01,UNTESTED
BASE_HOTPLANT02,BASE_HOTPLANT02,UNTESTED
BASE_HOTPLANT03,BASE_HOTPLANT03,UNTESTED
BASE_HOTPLANT04,BASE_HOTPLANT04,UNTESTED
BASE_HOTPLANT05,BASE_HOTPLANT05,UNTESTED
BASE_HOTPLANT06,BASE_HOTPLANT06,UNTESTED
BASE_HOTPLANT07,BASE_HOTPLANT07,UNTESTED
BASE_HOTPLANT08,BASE_HOTPLANT08,UNTESTED
BASE_HOUDINI1,BASE_HOUDINI1,UNTESTED
BASE_HOUDINI2,BASE_HOUDINI2,UNTESTED
BASE_HOUDINI3,BASE_HOUDINI3,UNTESTED
BASE_HYDROPOD,BASE_HYDROPOD,UNTESTED
BASE_INFEST1,BASE_INFEST1,UNTESTED
BASE_INFEST2,BASE_INFEST2,UNTESTED
BASE_INFEST3,BASE_INFEST3,UNTESTED
BASE_JUNGLE01,BASE_JUNGLE01,UNTESTED
BASE_JUNGLE02,BASE_JUNGLE02,UNTESTED
BASE_JUNGLE03,BASE_JUNGLE03,UNTESTED
BASE_JUNGLE04,BASE_JUNGLE04,UNTESTED
BASE_LAVA1,BASE_LAVA1,UNTESTED
BASE_LAVA2,BASE_LAVA2,UNTESTED
BASE_LAVA3,BASE_LAVA3,UNTESTED
BASE_MEDGEOMETR,BASE_MEDGEOMETR,UNTESTED
BASE_MEDPLANT01,BASE_MEDPLANT01,UNTESTED
BASE_MEDPLANT02,BASE_MEDPLANT02,UNTESTED
BASE_MEDPLANT03,BASE_MEDPLANT03,UNTESTED
BASE_NEXUS1,BASE_NEXUS1,UNTESTED
BASE_NEXUS2,BASE_NEXUS2,UNTESTED
BASE_NEXUS3,BASE_NEXUS3,UNTESTED
BASE_PEACOCK01,BASE_PEACOCK01,UNTESTED
BASE_PEACOCK02,BASE_PEACOCK02,UNTESTED
BASE_PEACOCK03,BASE_PEACOCK03,UNTESTED
BASE_RADPLANT01,BASE_RADPLANT01,UNTESTED
BASE_RADPLANT02,BASE_RADPLANT02,UNTESTED
BASE_RADPLANT03,BASE_RADPLANT03,UNTESTED
BASE_RADPLANT04,BASE_RADPLANT04,UNTESTED
BASE_ROBOTOY,BASE_ROBOTOY,UNTESTED
BASE_ROCK01,BASE_ROCK01,UNTESTED
BASE_ROCK02,BASE_ROCK02,UNTESTED
BASE_ROCK03,BASE_ROCK03,UNTESTED
BASE_SHARD,BASE_SHARD,UNTESTED
BASE_SHELLWHITE,BASE_SHELLWHITE,UNTESTED
BASE_SPRIGBUSH,BASE_SPRIGBUSH,UNTESTED
BASE_STARJOINT,BASE_STARJOINT,UNTESTED
BASE_SUBZPLANT1,BASE_SUBZPLANT1,UNTESTED
BASE_SUBZPLANT2,BASE_SUBZPLANT2,UNTESTED
BASE_SUBZPLANT3,BASE_SUBZPLANT3,UNTESTED
BASE_SUBZPLANT4,BASE_SUBZPLANT4,UNTESTED
BASE_SUBZPLANT5,BASE_SUBZPLANT5,UNTESTED
BASE_SUBZPLANT6,BASE_SUBZPLANT6,UNTESTED
BASE_SUBZPLANT7,BASE_SUBZPLANT7,UNTESTED
BASE_SUBZPLANT8,BASE_SUBZPLANT8,UNTESTED
BASE_SUBZPLANT9,BASE_SUBZPLANT9,UNTESTED
BASE_SWAMP1,BASE_SWAMP1,UNTESTED
BASE_SWAMP2,BASE_SWAMP2,UNTESTED
BASE_SWAMP3,BASE_SWAMP3,UNTESTED
BASE_TERRARIUM,BASE_TERRARIUM,UNTESTED
BASE_TOXPLANT01,BASE_TOXPLANT01,UNTESTED
BASE_TOXPLANT02,BASE_TOXPLANT02,UNTESTED
BASE_TOXPLANT03,BASE_TOXPLANT03,UNTESTED
BASE_TOXPLANT04,BASE_TOXPLANT04,UNTESTED
BASE_TOYCORE,BASE_TOYCORE,UNTESTED
BASE_TOYCUBE,BASE_TOYCUBE,UNTESTED
BASE_TOYJELLY,BASE_TOYJELLY,UNTESTED
BASE_TOYSPHERE,BASE_TOYSPHERE,UNTESTED
BASE_TREE01,BASE_TREE01,UNTESTED
BASE_TREE02,BASE_TREE02,UNTESTED
BASE_TREE03,BASE_TREE03,UNTESTED
BASE_WEIRDCUBE,BASE_WEIRDCUBE,UNTESTED
BASE_WPLANT1,BASE_WPLANT1,UNTESTED
BASE_WPLANT2,BASE_WPLANT2,UNTESTED
BASE_WPLANT3,BASE_WPLANT3,UNTESTED
BASE_WPLANT4,BASE_WPLANT4,UNTESTED
BASE_WPLANT5,BASE_WPLANT5,UNTESTED
BASE_WPLANT6,BASE_WPLANT6,UNTESTED
BASE_WPLANT7,BASE_WPLANT7,UNTESTED
BASE_WPLANT8,BASE_WPLANT8,UNTESTED
BILLBOARD,BILLBOARD,UNTESTED
BIOROOM,BIOROOM,UNTESTED
BLDWALLUNIT,BLDWALLUNIT,UNTESTED
BLD_BUGHEAD1,BLD_BUGHEAD1,UNTESTED
BLD_BUGHEAD2,BLD_BUGHEAD2,UNTESTED
BLD_BUGHEAD3,BLD_BUGHEAD3,UNTESTED
BLD_BUGHEAD4,BLD_BUGHEAD4,UNTESTED
BLD_BUGHEAD5,BLD_BUGHEAD5,UNTESTED
BLD_BUI_HAND,BLD_BUI_HAND,UNTESTED
BLD_BUI_HEAD,BLD_BUI_HEAD,UNTESTED
BLD_BUI_TENT,BLD_BUI_TENT,UNTESTED
BLD_COVCRATE,BLD_COVCRATE,UNTESTED
BLD_COVSILOS,BLD_COVSILOS,UNTESTED
BLD_CRANE,BLD_CRANE,UNTESTED
BLD_CRYS_DRONE,BLD_CRYS_DRONE,UNTESTED
BLD_CRYS_SENT0,BLD_CRYS_SENT0,UNTESTED
BLD_CRYS_SENT1,BLD_CRYS_SENT1,UNTESTED
BLD_DATASIGN,BLD_DATASIGN,UNTESTED
BLD_EXPD_BASE01,BLD_EXPD_BASE01,UNTESTED
BLD_FIREPIT,BLD_FIREPIT,UNTESTED
BLD_FLYJAR,BLD_FLYJAR,UNTESTED
BLD_HOLOGEK,BLD_HOLOGEK,UNTESTED
BLD_MAPTUBE,BLD_MAPTUBE,UNTESTED
BLD_MINI_BIOFRI,BLD_MINI_BIOFRI,UNTESTED
BLD_PLANET_HOLO,BLD_PLANET_HOLO,UNTESTED
BLD_RUINS_01,BLD_RUINS_01,UNTESTED
BLD_RUINS_02,BLD_RUINS_02,UNTESTED
BLD_RUINS_03,BLD_RUINS_03,UNTESTED
BLD_RUINS_04,BLD_RUINS_04,UNTESTED
BLD_RUINS_05,BLD_RUINS_05,UNTESTED
BLD_RUINS_06,BLD_RUINS_06,UNTESTED
BLD_RUINS_07,BLD_RUINS_07,UNTESTED
BLD_RUINS_08,BLD_RUINS_08,UNTESTED
BLD_RUINS_09,BLD_RUINS_09,UNTESTED
BLD_RUINS_10,BLD_RUINS_10,UNTESTED
BLD_RUINS_11,BLD_RUINS_11,UNTESTED
BLD_RUINS_12,BLD_RUINS_12,UNTESTED
BLD_SHIPBREAK1,BLD_SHIPBREAK1,UNTESTED
BLD_SHIPBREAK2,BLD_SHIPBREAK2,UNTESTED
BLD_SHIPBREAK3,BLD_SHIPBREAK3,UNTESTED
BLD_SHIPBREAK4,BLD_SHIPBREAK4,UNTESTED
BLD_SHIPBREAK5,BLD_SHIPBREAK5,UNTESTED
BLD_SKULL,BLD_SKULL,UNTESTED
BOXEDSCREEN,BOXEDSCREEN,UNTESTED
BP_ANALYSER,BP_ANALYSER,UNTESTED
BRIDGECONNECTOR,BRIDGECONNECTOR,UNTESTED
BUILDAMCRATE,BUILDAMCRATE,UNTESTED
BUILDANTIMATTER,BUILDANTIMATTER,UNTESTED
BUILDBEACON,BUILDBEACON,UNTESTED
BUILDBED,BUILDBED,UNTESTED
BUILDCANRACK,BUILDCANRACK,UNTESTED
BUILDCHAIR,BUILDCHAIR,UNTESTED
BUILDCHAIR2,BUILDCHAIR2,UNTESTED
BUILDCHAIR3,BUILDCHAIR3,UNTESTED
BUILDCHAIR4,BUILDCHAIR4,UNTESTED
BUILDDECAL,BUILDDECAL,UNTESTED
BUILDDECAL2,BUILDDECAL2,UNTESTED
BUILDDECALNMS,BUILDDECALNMS,UNTESTED
BUILDDECALNUM0,BUILDDECALNUM0,UNTESTED
BUILDDECALNUM1,BUILDDECALNUM1,UNTESTED
BUILDDECALNUM2,BUILDDECALNUM2,UNTESTED
BUILDDECALNUM3,BUILDDECALNUM3,UNTESTED
BUILDDECALNUM4,BUILDDECALNUM4,UNTESTED
BUILDDECALNUM5,BUILDDECALNUM5,UNTESTED
BUILDDECALNUM6,BUILDDECALNUM6,UNTESTED
BUILDDECALNUM7,BUILDDECALNUM7,UNTESTED
BUILDDECALNUM8,BUILDDECALNUM8,UNTESTED
BUILDDECALNUM9,BUILDDECALNUM9,UNTESTED
BUILDDECALSIMP1,BUILDDECALSIMP1,UNTESTED
BUILDDECALSIMP2,BUILDDECALSIMP2,UNTESTED
BUILDDECALSIMP3,BUILDDECALSIMP3,UNTESTED
BUILDDECALSIMP4,BUILDDECALSIMP4,UNTESTED
BUILDDECALVIS1,BUILDDECALVIS1,UNTESTED
BUILDDECALVIS2,BUILDDECALVIS2,UNTESTED
BUILDDECALVIS3,BUILDDECALVIS3,UNTESTED
BUILDDECALVIS4,BUILDDECALVIS4,UNTESTED
BUILDDECALVIS5,BUILDDECALVIS5,UNTESTED
BUILDDOOR,BUILDDOOR,UNTESTED
BUILDDOOR_WATER,BUILDDOOR_WATER,UNTESTED
BUILDFLATPANEL,BUILDFLATPANEL,UNTESTED
BUILDGASHARVEST,BUILDGASHARVEST,UNTESTED
BUILDHARVESTER,BUILDHARVESTER,UNTESTED
BUILDHCABINET,BUILDHCABINET,UNTESTED
BUILDLABLAMP,BUILDLABLAMP,UNTESTED
BUILDLADDER,BUILDLADDER,UNTESTED
BUILDLANDINGPAD,BUILDLANDINGPAD,UNTESTED
BUILDLCRATE,BUILDLCRATE,UNTESTED
BUILDLIGHT,BUILDLIGHT,UNTESTED
BUILDLIGHT2,BUILDLIGHT2,UNTESTED
BUILDLIGHT3,BUILDLIGHT3,UNTESTED
BUILDLIGHTTABLE,BUILDLIGHTTABLE,UNTESTED
BUILDLOCKER,BUILDLOCKER,UNTESTED
BUILDPAVING,BUILDPAVING,UNTESTED
BUILDPAVINGTALL,BUILDPAVINGTALL,UNTESTED
BUILDPAVING_BIG,BUILDPAVING_BIG,UNTESTED
BUILDRAMP,BUILDRAMP,UNTESTED
BUILDSAVE,BUILDSAVE,UNTESTED
BUILDSIDEPANEL,BUILDSIDEPANEL,UNTESTED
BUILDSIGNAL,BUILDSIGNAL,UNTESTED
BUILDSIMPLEDESK,BUILDSIMPLEDESK,UNTESTED
BUILDSOFA,BUILDSOFA,UNTESTED
BUILDSOFA2,BUILDSOFA2,UNTESTED
BUILDSOFA2L,BUILDSOFA2L,UNTESTED
BUILDTABLE,BUILDTABLE,UNTESTED
BUILDTABLE2,BUILDTABLE2,UNTESTED
BUILDTABLE3,BUILDTABLE3,UNTESTED
BUILDTERMINAL,BUILDTERMINAL,UNTESTED
BUILDWINDOW,BUILDWINDOW,UNTESTED
BUILDWORKTOP,BUILDWORKTOP,UNTESTED
BUILD_REFINER1,BUILD_REFINER1,UNTESTED
BUILD_REFINER2,BUILD_REFINER2,UNTESTED
BUILD_REFINER3,BUILD_REFINER3,UNTESTED
BYTEBEAT,BYTEBEAT,UNTESTED
BYTEBEATSWITCH,BYTEBEATSWITCH,UNTESTED
B_ALK_A,ALK_A,UNTESTED
B_ALK_B,ALK_B,UNTESTED
B_ALK_C,ALK,UNTESTED
B_ALK_Z_A,ALK_Z_A,UNTESTED
B_ALK_Z_B,ALK_Z_B,UNTESTED
B_ANTENNA0,ANTENNA0,UNTESTED
B_ANTENNA1,ANTENNA1,UNTESTED
B_ANTENNA2,ANTENNA2,UNTESTED
B_ANTENNA3,ANTENNA3,UNTESTED
B_ARCH,ARCH,UNTESTED
B_ARCHB,ARCHB,UNTESTED
B_ARCHB_H,ARCHB,UNTESTED
B_ARCHM,ARCHM,UNTESTED
B_ARCHM_H,ARCHM,UNTESTED
B_ARCHT,ARCHT,UNTESTED
B_ARCHT_H,ARCHT,UNTESTED
B_ARCH_H,ARCH,UNTESTED
B_CANOPY_WALL0,CANOPY_WALL0,UNTESTED
B_CANOPY_WALL1,CANOPY_WALL1,UNTESTED
B_CANOPY_WALL2,CANOPY_WALL2,UNTESTED
B_CARRIAGEWHEEL,CARRIAGEWHEEL,UNTESTED
B_CHEV_DOOR,CHEV_DOOR,UNTESTED
B_CHEV_WALL,CHEV_WALL,UNTESTED
B_CHEV_WALL_H_C,CHEV_WALL_H,UNTESTED
B_CHEV_WIN0,CHEV_WIN0,UNTESTED
B_CHEV_WIN1,CHEV_WIN1,UNTESTED
B_CHEV_WIN2,CHEV_WIN2,UNTESTED
B_COK_A,COK_A,UNTESTED
B_COK_B,COK_B,UNTESTED
B_COK_D,COK_D,UNTESTED
B_CON2_0,CON2_0,UNTESTED
B_CON2_1,CON2_1,UNTESTED
B_CON2_2,CON2_2,UNTESTED
B_CON2_3,CON2_3,UNTESTED
B_CON_10,CON_10,UNTESTED
B_CON_11,CON_11,UNTESTED
B_CON_12,CON_12,UNTESTED
B_CON_13,CON_13,UNTESTED
B_CON_14,CON_14,UNTESTED
B_CON_15,CON_15,UNTESTED
B_CON_5,CON_5,UNTESTED
B_CON_6,CON_6,UNTESTED
B_CON_7,CON_7,UNTESTED
B_CON_8,CON_8,UNTESTED
B_CON_9,CON_9,UNTESTED
B_CON_L_0,CON_L_0,UNTESTED
B_CON_L_1,CON_L_1,UNTESTED
B_CON_L_2,CON_L_2,UNTESTED
B_CON_L_3,CON_L_3,UNTESTED
B_CON_R_0,CON_R_0,UNTESTED
B_CON_R_1,CON_R_1,UNTESTED
B_CON_R_2,CON_R_2,UNTESTED
B_CON_R_3,CON_R_3,UNTESTED
B_DECO_A,DECO_A,UNTESTED
B_DECO_B,DECO_B,UNTESTED
B_DECO_C,DECO,UNTESTED
B_DECO_D,DECO_D,UNTESTED
B_DECO_F,DECO_F,UNTESTED
B_DECO_G,DECO_G,UNTESTED
B_DECO_H,DECO,UNTESTED
B_DECO_I,DECO_I,UNTESTED
B_DECO_J,DECO_J,UNTESTED
B_DECO_K,DECO_K,UNTESTED
B_DECO_L,DECO_L,UNTESTED
B_DECO_M,DECO,UNTESTED
B_DECO_N_0,DECO_N_0,UNTESTED
B_DECO_N_1,DECO_N_1,UNTESTED
B_DECO_O,DECO_O,UNTESTED
B_DECO_P,DECO_P,UNTESTED
B_DECO_Q_0,DECO_Q_0,UNTESTED
B_DECO_Q_1,DECO_Q_1,UNTESTED
B_DECO_R,DECO_R,UNTESTED
B_DECO_S,DECO_S,UNTESTED
B_DECO_T,DECO_T,UNTESTED
B_DOOR,DOOR,UNTESTED
B_DOOR1,DOOR1,UNTESTED
B_DOORB0,DOORB0,UNTESTED
B_DOORB0_H,DOORB0,UNTESTED
B_DOORB1,DOORB1,UNTESTED
B_DOORM0,DOORM0,UNTESTED
B_DOORM0_H,DOORM0,UNTESTED
B_DOORM1,DOORM1,UNTESTED
B_DOORT0,DOORT0,UNTESTED
B_DOORT0_H,DOORT0,UNTESTED
B_DOORT1,DOORT1,UNTESTED
B_DOORWINB0,DOORWINB0,UNTESTED
B_DOORWINDOW,DOORWINDOW,UNTESTED
B_DOORWINM0,DOORWINM0,UNTESTED
B_DOORWINT0,DOORWINT0,UNTESTED
B_DOOR_H,DOOR,UNTESTED
B_FLOOR,FLOOR,UNTESTED
B_FLOOR_Q,FLOOR,UNTESTED
B_GDOOR,GDOOR,UNTESTED
B_GDOORB0,GDOORB0,UNTESTED
B_GDOORM0,GDOORM0,UNTESTED
B_GDOORT0,GDOORT0,UNTESTED
B_GEN_0,GEN_0,UNTESTED
B_GEN_1,GEN_1,UNTESTED
B_GEN_2,GEN_2,UNTESTED
B_GEN_3,GEN_3,UNTESTED
B_GFLOOR,GFLOOR,UNTESTED
B_HAB1_A,HAB1_A,UNTESTED
B_HAB1_B,HAB1_B,UNTESTED
B_HAB1_C,HAB1,UNTESTED
B_HAB_A,HAB_A,UNTESTED
B_HAB_B,HAB_B,UNTESTED
B_HAB_C,HAB,UNTESTED
B_LARGETRYE0,LARGETRYE0,UNTESTED
B_LND_A,LND_A,UNTESTED
B_LND_B,LND_B,UNTESTED
B_LND_C,LND,UNTESTED
B_PALLET_BRICK,PALLET_BRICK,UNTESTED
B_RAMP,STAIR_FULL_RAMP,BLENDER_USER_CHECK
B_RAMP_H,RAMP,UNTESTED
B_RAMP_Q_TOP,RAMP_Q_TOP,UNTESTED
B_ROBOTARM,ROBOTARM,UNTESTED
B_ROOF0,ROOF0,UNTESTED
B_ROOF1,ROOF1,UNTESTED
B_ROOF2,ROOF2,UNTESTED
B_ROOF3,ROOF3,UNTESTED
B_ROOF4,ROOF4,UNTESTED
B_ROOF5,ROOF5,UNTESTED
B_ROOF6,ROOF6,UNTESTED
B_ROOF7,ROOF7,UNTESTED
B_ROOF8,ROOF8,UNTESTED
B_ROOF_C,ROOF,UNTESTED
B_ROOF_E_CAP,ROOF_E_CAP,UNTESTED
B_ROOF_E_Q,ROOF_E,UNTESTED
B_ROOF_IC,ROOF,UNTESTED
B_ROOF_M,ROOF,UNTESTED
B_ROOF_M_CAP,ROOF_M_CAP,UNTESTED
B_ROOF_M_Q,ROOF_M,UNTESTED
B_ROOF_M_WIN,ROOF_M_WIN,UNTESTED
B_SAIL0,SAIL0,UNTESTED
B_SAIL1,SAIL1,UNTESTED
B_SAIL2,SAIL2,UNTESTED
B_SAIL3,SAIL3,UNTESTED
B_SCISSORLIFT,SCISSORLIFT,UNTESTED
B_SHL_A,SHL_A,UNTESTED
B_SHL_B,SHL_B,UNTESTED
B_SHL_C,SHL,UNTESTED
B_SHL_E,SHL_E,UNTESTED
B_STAIRS0,STAIRS0,UNTESTED
B_STREETLAMP0,STREETLAMP0,UNTESTED
B_STR_AA_E,STR_AA_E,UNTESTED
B_STR_AA_N,STR_AA_N,UNTESTED
B_STR_AA_S,STR_AA_S,UNTESTED
B_STR_AA_W,STR_AA_W,UNTESTED
B_STR_AA_Y_E,STR_AA_Y_E,UNTESTED
B_STR_AA_Y_N,STR_AA_Y_N,UNTESTED
B_STR_AA_Y_S,STR_AA_Y_S,UNTESTED
B_STR_AA_Y_W,STR_AA_Y_W,UNTESTED
B_STR_A_E,STR_A_E,UNTESTED
B_STR_A_N,STR_A_N,UNTESTED
B_STR_A_NE,STR_A_NE,UNTESTED
B_STR_A_NE1,STR_A_NE1,UNTESTED
B_STR_A_NE2,STR_A_NE2,UNTESTED
B_STR_A_NE3,STR_A_NE3,UNTESTED
B_STR_A_NW,STR_A_NW,UNTESTED
B_STR_A_NW1,STR_A_NW1,UNTESTED
B_STR_A_NW2,STR_A_NW2,UNTESTED
B_STR_A_NW3,STR_A_NW3,UNTESTED
B_STR_A_S,STR_A_S,UNTESTED
B_STR_A_W,STR_A_W,UNTESTED
B_STR_A_Y_E,STR_A_Y_E,UNTESTED
B_STR_A_Y_N,STR_A_Y_N,UNTESTED
B_STR_A_Y_NE,STR_A_Y_NE,UNTESTED
B_STR_A_Y_NE1,STR_A_Y_NE1,UNTESTED
B_STR_A_Y_NE2,STR_A_Y_NE2,UNTESTED
B_STR_A_Y_NE3,STR_A_Y_NE3,UNTESTED
B_STR_A_Y_NW,STR_A_Y_NW,UNTESTED
B_STR_A_Y_NW1,STR_A_Y_NW1,UNTESTED
B_STR_A_Y_NW2,STR_A_Y_NW2,UNTESTED
B_STR_A_Y_NW3,STR_A_Y_NW3,UNTESTED
B_STR_A_Y_S,STR_A_Y_S,UNTESTED
B_STR_A_Y_W,STR_A_Y_W,UNTESTED
B_STR_B_E,STR_B_E,UNTESTED
B_STR_B_N,STR_B_N,UNTESTED
B_STR_B_NE,STR_B_NE,UNTESTED
B_STR_B_NE1,STR_B_NE1,UNTESTED
B_STR_B_NE2,STR_B_NE2,UNTESTED
B_STR_B_NE3,STR_B_NE3,UNTESTED
B_STR_B_NW,STR_B_NW,UNTESTED
B_STR_B_NW1,STR_B_NW1,UNTESTED
B_STR_B_NW2,STR_B_NW2,UNTESTED
B_STR_B_NW3,STR_B_NW3,UNTESTED
B_STR_B_S,STR_B_S,UNTESTED
B_STR_B_W,STR_B_W,UNTESTED
B_STR_B_Y_E,STR_B_Y_E,UNTESTED
B_STR_B_Y_N,STR_B_Y_N,UNTESTED
B_STR_B_Y_NE,STR_B_Y_NE,UNTESTED
B_STR_B_Y_NE1,STR_B_Y_NE1,UNTESTED
B_STR_B_Y_NE2,STR_B_Y_NE2,UNTESTED
B_STR_B_Y_NE3,STR_B_Y_NE3,UNTESTED
B_STR_B_Y_NW,STR_B_Y_NW,UNTESTED
B_STR_B_Y_NW1,STR_B_Y_NW1,UNTESTED
B_STR_B_Y_NW2,STR_B_Y_NW2,UNTESTED
B_STR_B_Y_NW3,STR_B_Y_NW3,UNTESTED
B_STR_B_Y_S,STR_B_Y_S,UNTESTED
B_STR_B_Y_W,STR_B_Y_W,UNTESTED
B_STR_C_E,STR_C_E,UNTESTED
B_STR_C_N,STR_C_N,UNTESTED
B_STR_C_NE,STR_C_NE,UNTESTED
B_STR_C_NE1,STR_C_NE1,UNTESTED
B_STR_C_NE2,STR_C_NE2,UNTESTED
B_STR_C_NE3,STR_C_NE3,UNTESTED
B_STR_C_NW,STR_C_NW,UNTESTED
B_STR_C_NW1,STR_C_NW1,UNTESTED
B_STR_C_NW2,STR_C_NW2,UNTESTED
B_STR_C_NW3,STR_C_NW3,UNTESTED
B_STR_C_S,STR_C_S,UNTESTED
B_STR_C_W,STR_C_W,UNTESTED
B_STR_C_Y_E,STR_C_Y_E,UNTESTED
B_STR_C_Y_N,STR_C_Y_N,UNTESTED
B_STR_C_Y_NE,STR_C_Y_NE,UNTESTED
B_STR_C_Y_NE1,STR_C_Y_NE1,UNTESTED
B_STR_C_Y_NE2,STR_C_Y_NE2,UNTESTED
B_STR_C_Y_NE3,STR_C_Y_NE3,UNTESTED
B_STR_C_Y_NW,STR_C_Y_NW,UNTESTED
B_STR_C_Y_NW1,STR_C_Y_NW1,UNTESTED
B_STR_C_Y_NW2,STR_C_Y_NW2,UNTESTED
B_STR_C_Y_NW3,STR_C_Y_NW3,UNTESTED
B_STR_C_Y_S,STR_C_Y_S,UNTESTED
B_STR_C_Y_W,STR_C_Y_W,UNTESTED
B_STR_D_E,STR_D_E,UNTESTED
B_STR_D_N,STR_D_N,UNTESTED
B_STR_D_NE,STR_D_NE,UNTESTED
B_STR_D_NE1,STR_D_NE1,UNTESTED
B_STR_D_NE2,STR_D_NE2,UNTESTED
B_STR_D_NE3,STR_D_NE3,UNTESTED
B_STR_D_NW,STR_D_NW,UNTESTED
B_STR_D_NW1,STR_D_NW1,UNTESTED
B_STR_D_NW2,STR_D_NW2,UNTESTED
B_STR_D_NW3,STR_D_NW3,UNTESTED
B_STR_D_S,STR_D_S,UNTESTED
B_STR_D_W,STR_D_W,UNTESTED
B_STR_D_Y_E,STR_D_Y_E,UNTESTED
B_STR_D_Y_N,STR_D_Y_N,UNTESTED
B_STR_D_Y_NE,STR_D_Y_NE,UNTESTED
B_STR_D_Y_NE1,STR_D_Y_NE1,UNTESTED
B_STR_D_Y_NE2,STR_D_Y_NE2,UNTESTED
B_STR_D_Y_NE3,STR_D_Y_NE3,UNTESTED
B_STR_D_Y_NW,STR_D_Y_NW,UNTESTED
B_STR_D_Y_NW1,STR_D_Y_NW1,UNTESTED
B_STR_D_Y_NW2,STR_D_Y_NW2,UNTESTED
B_STR_D_Y_NW3,STR_D_Y_NW3,UNTESTED
B_STR_D_Y_S,STR_D_Y_S,UNTESTED
B_STR_D_Y_W,STR_D_Y_W,UNTESTED
B_STR_E_E,STR_E_E,UNTESTED
B_STR_E_N,STR_E_N,UNTESTED
B_STR_E_NE,STR_E_NE,UNTESTED
B_STR_E_NE1,STR_E_NE1,UNTESTED
B_STR_E_NE2,STR_E_NE2,UNTESTED
B_STR_E_NE3,STR_E_NE3,UNTESTED
B_STR_E_NW,STR_E_NW,UNTESTED
B_STR_E_NW1,STR_E_NW1,UNTESTED
B_STR_E_NW2,STR_E_NW2,UNTESTED
B_STR_E_NW3,STR_E_NW3,UNTESTED
B_STR_E_S,STR_E_S,UNTESTED
B_STR_E_W,STR_E_W,UNTESTED
B_STR_E_Y_E,STR_E_Y_E,UNTESTED
B_STR_E_Y_N,STR_E_Y_N,UNTESTED
B_STR_E_Y_NE,STR_E_Y_NE,UNTESTED
B_STR_E_Y_NE1,STR_E_Y_NE1,UNTESTED
B_STR_E_Y_NE2,STR_E_Y_NE2,UNTESTED
B_STR_E_Y_NE3,STR_E_Y_NE3,UNTESTED
B_STR_E_Y_NW,STR_E_Y_NW,UNTESTED
B_STR_E_Y_NW1,STR_E_Y_NW1,UNTESTED
B_STR_E_Y_NW2,STR_E_Y_NW2,UNTESTED
B_STR_E_Y_NW3,STR_E_Y_NW3,UNTESTED
B_STR_E_Y_S,STR_E_Y_S,UNTESTED
B_STR_E_Y_W,STR_E_Y_W,UNTESTED
B_STR_F_E,STR_F_E,UNTESTED
B_STR_F_N,STR_F_N,UNTESTED
B_STR_F_NE,STR_F_NE,UNTESTED
B_STR_F_NE1,STR_F_NE1,UNTESTED
B_STR_F_NE2,STR_F_NE2,UNTESTED
B_STR_F_NE3,STR_F_NE3,UNTESTED
B_STR_F_NW,STR_F_NW,UNTESTED
B_STR_F_NW1,STR_F_NW1,UNTESTED
B_STR_F_NW2,STR_F_NW2,UNTESTED
B_STR_F_NW3,STR_F_NW3,UNTESTED
B_STR_F_S,STR_F_S,UNTESTED
B_STR_F_W,STR_F_W,UNTESTED
B_STR_F_Y_E,STR_F_Y_E,UNTESTED
B_STR_F_Y_N,STR_F_Y_N,UNTESTED
B_STR_F_Y_NE,STR_F_Y_NE,UNTESTED
B_STR_F_Y_NE1,STR_F_Y_NE1,UNTESTED
B_STR_F_Y_NE2,STR_F_Y_NE2,UNTESTED
B_STR_F_Y_NE3,STR_F_Y_NE3,UNTESTED
B_STR_F_Y_NW,STR_F_Y_NW,UNTESTED
B_STR_F_Y_NW1,STR_F_Y_NW1,UNTESTED
B_STR_F_Y_NW2,STR_F_Y_NW2,UNTESTED
B_STR_F_Y_NW3,STR_F_Y_NW3,UNTESTED
B_STR_F_Y_S,STR_F_Y_S,UNTESTED
B_STR_F_Y_W,STR_F_Y_W,UNTESTED
B_STR_G_E,STR_G_E,UNTESTED
B_STR_G_N,STR_G_N,UNTESTED
B_STR_G_NE,STR_G_NE,UNTESTED
B_STR_G_NE1,STR_G_NE1,UNTESTED
B_STR_G_NE2,STR_G_NE2,UNTESTED
B_STR_G_NE3,STR_G_NE3,UNTESTED
B_STR_G_NW,STR_G_NW,UNTESTED
B_STR_G_NW1,STR_G_NW1,UNTESTED
B_STR_G_NW2,STR_G_NW2,UNTESTED
B_STR_G_NW3,STR_G_NW3,UNTESTED
B_STR_G_S,STR_G_S,UNTESTED
B_STR_G_W,STR_G_W,UNTESTED
B_STR_G_Y_E,STR_G_Y_E,UNTESTED
B_STR_G_Y_N,STR_G_Y_N,UNTESTED
B_STR_G_Y_NE,STR_G_Y_NE,UNTESTED
B_STR_G_Y_NE1,STR_G_Y_NE1,UNTESTED
B_STR_G_Y_NE2,STR_G_Y_NE2,UNTESTED
B_STR_G_Y_NE3,STR_G_Y_NE3,UNTESTED
B_STR_G_Y_NW,STR_G_Y_NW,UNTESTED
B_STR_G_Y_NW1,STR_G_Y_NW1,UNTESTED
B_STR_G_Y_NW2,STR_G_Y_NW2,UNTESTED
B_STR_G_Y_NW3,STR_G_Y_NW3,UNTESTED
B_STR_G_Y_S,STR_G_Y_S,UNTESTED
B_STR_G_Y_W,STR_G_Y_W,UNTESTED
B_STR_H_E,STR_H_E,UNTESTED
B_STR_H_N,STR_H_N,UNTESTED
B_STR_H_NE,STR_H_NE,UNTESTED
B_STR_H_NE1,STR_H_NE1,UNTESTED
B_STR_H_NE2,STR_H_NE2,UNTESTED
B_STR_H_NE3,STR_H_NE3,UNTESTED
B_STR_H_NW,STR_H_NW,UNTESTED
B_STR_H_NW1,STR_H_NW1,UNTESTED
B_STR_H_NW2,STR_H_NW2,UNTESTED
B_STR_H_NW3,STR_H_NW3,UNTESTED
B_STR_H_S,STR_H_S,UNTESTED
B_STR_H_W,STR_H_W,UNTESTED
B_STR_H_Y_E,STR_H_Y_E,UNTESTED
B_STR_H_Y_N,STR_H_Y_N,UNTESTED
B_STR_H_Y_NE,STR_H_Y_NE,UNTESTED
B_STR_H_Y_NE1,STR_H_Y_NE1,UNTESTED
B_STR_H_Y_NE2,STR_H_Y_NE2,UNTESTED
B_STR_H_Y_NE3,STR_H_Y_NE3,UNTESTED
B_STR_H_Y_NW,STR_H_Y_NW,UNTESTED
B_STR_H_Y_NW1,STR_H_Y_NW1,UNTESTED
B_STR_H_Y_NW2,STR_H_Y_NW2,UNTESTED
B_STR_H_Y_NW3,STR_H_Y_NW3,UNTESTED
B_STR_H_Y_S,STR_H_Y_S,UNTESTED
B_STR_H_Y_W,STR_H_Y_W,UNTESTED
B_STR_I_E,STR_I_E,UNTESTED
B_STR_I_N,STR_I_N,UNTESTED
B_STR_I_NE,STR_I_NE,UNTESTED
B_STR_I_NE1,STR_I_NE1,UNTESTED
B_STR_I_NE2,STR_I_NE2,UNTESTED
B_STR_I_NE3,STR_I_NE3,UNTESTED
B_STR_I_NW,STR_I_NW,UNTESTED
B_STR_I_NW1,STR_I_NW1,UNTESTED
B_STR_I_NW2,STR_I_NW2,UNTESTED
B_STR_I_NW3,STR_I_NW3,UNTESTED
B_STR_I_S,STR_I_S,UNTESTED
B_STR_I_W,STR_I_W,UNTESTED
B_STR_I_Y_E,STR_I_Y_E,UNTESTED
B_STR_I_Y_N,STR_I_Y_N,UNTESTED
B_STR_I_Y_NE,STR_I_Y_NE,UNTESTED
B_STR_I_Y_NE1,STR_I_Y_NE1,UNTESTED
B_STR_I_Y_NE2,STR_I_Y_NE2,UNTESTED
B_STR_I_Y_NE3,STR_I_Y_NE3,UNTESTED
B_STR_I_Y_NW,STR_I_Y_NW,UNTESTED
B_STR_I_Y_NW1,STR_I_Y_NW1,UNTESTED
B_STR_I_Y_NW2,STR_I_Y_NW2,UNTESTED
B_STR_I_Y_NW3,STR_I_Y_NW3,UNTESTED
B_STR_I_Y_S,STR_I_Y_S,UNTESTED
B_STR_I_Y_W,STR_I_Y_W,UNTESTED
B_STR_J_E,STR_J_E,UNTESTED
B_STR_J_N,STR_J_N,UNTESTED
B_STR_J_NE,STR_J_NE,UNTESTED
B_STR_J_NE1,STR_J_NE1,UNTESTED
B_STR_J_NE2,STR_J_NE2,UNTESTED
B_STR_J_NE3,STR_J_NE3,UNTESTED
B_STR_J_NW,STR_J_NW,UNTESTED
B_STR_J_NW1,STR_J_NW1,UNTESTED
B_STR_J_NW2,STR_J_NW2,UNTESTED
B_STR_J_NW3,STR_J_NW3,UNTESTED
B_STR_J_S,STR_J_S,UNTESTED
B_STR_J_W,STR_J_W,UNTESTED
B_STR_J_Y_E,STR_J_Y_E,UNTESTED
B_STR_J_Y_N,STR_J_Y_N,UNTESTED
B_STR_J_Y_NE,STR_J_Y_NE,UNTESTED
B_STR_J_Y_NE1,STR_J_Y_NE1,UNTESTED
B_STR_J_Y_NE2,STR_J_Y_NE2,UNTESTED
B_STR_J_Y_NE3,STR_J_Y_NE3,UNTESTED
B_STR_J_Y_NW,STR_J_Y_NW,UNTESTED
B_STR_J_Y_NW1,STR_J_Y_NW1,UNTESTED
B_STR_J_Y_NW2,STR_J_Y_NW2,UNTESTED
B_STR_J_Y_NW3,STR_J_Y_NW3,UNTESTED
B_STR_J_Y_S,STR_J_Y_S,UNTESTED
B_STR_J_Y_W,STR_J_Y_W,UNTESTED
B_STR_K_E,STR_K_E,UNTESTED
B_STR_K_N,STR_K_N,UNTESTED
B_STR_K_NE,STR_K_NE,UNTESTED
B_STR_K_NE1,STR_K_NE1,UNTESTED
B_STR_K_NE2,STR_K_NE2,UNTESTED
B_STR_K_NE3,STR_K_NE3,UNTESTED
B_STR_K_NW,STR_K_NW,UNTESTED
B_STR_K_NW1,STR_K_NW1,UNTESTED
B_STR_K_NW2,STR_K_NW2,UNTESTED
B_STR_K_NW3,STR_K_NW3,UNTESTED
B_STR_K_S,STR_K_S,UNTESTED
B_STR_K_W,STR_K_W,UNTESTED
B_STR_K_Y_E,STR_K_Y_E,UNTESTED
B_STR_K_Y_N,STR_K_Y_N,UNTESTED
B_STR_K_Y_NE,STR_K_Y_NE,UNTESTED
B_STR_K_Y_NE1,STR_K_Y_NE1,UNTESTED
B_STR_K_Y_NE2,STR_K_Y_NE2,UNTESTED
B_STR_K_Y_NE3,STR_K_Y_NE3,UNTESTED
B_STR_K_Y_NW,STR_K_Y_NW,UNTESTED
B_STR_K_Y_NW1,STR_K_Y_NW1,UNTESTED
B_STR_K_Y_NW2,STR_K_Y_NW2,UNTESTED
B_STR_K_Y_NW3,STR_K_Y_NW3,UNTESTED
B_STR_K_Y_S,STR_K_Y_S,UNTESTED
B_STR_K_Y_W,STR_K_Y_W,UNTESTED
B_STR_L_E,STR_L_E,UNTESTED
B_STR_L_N,STR_L_N,UNTESTED
B_STR_L_NE,STR_L_NE,UNTESTED
B_STR_L_NE1,STR_L_NE1,UNTESTED
B_STR_L_NE2,STR_L_NE2,UNTESTED
B_STR_L_NE3,STR_L_NE3,UNTESTED
B_STR_L_NW,STR_L_NW,UNTESTED
B_STR_L_NW1,STR_L_NW1,UNTESTED
B_STR_L_NW2,STR_L_NW2,UNTESTED
B_STR_L_NW3,STR_L_NW3,UNTESTED
B_STR_L_S,STR_L_S,UNTESTED
B_STR_L_W,STR_L_W,UNTESTED
B_STR_L_Y_E,STR_L_Y_E,UNTESTED
B_STR_L_Y_N,STR_L_Y_N,UNTESTED
B_STR_L_Y_NE,STR_L_Y_NE,UNTESTED
B_STR_L_Y_NE1,STR_L_Y_NE1,UNTESTED
B_STR_L_Y_NE2,STR_L_Y_NE2,UNTESTED
B_STR_L_Y_NE3,STR_L_Y_NE3,UNTESTED
B_STR_L_Y_NW,STR_L_Y_NW,UNTESTED
B_STR_L_Y_NW1,STR_L_Y_NW1,UNTESTED
B_STR_L_Y_NW2,STR_L_Y_NW2,UNTESTED
B_STR_L_Y_NW3,STR_L_Y_NW3,UNTESTED
B_STR_L_Y_S,STR_L_Y_S,UNTESTED
B_STR_L_Y_W,STR_L_Y_W,UNTESTED
B_STR_M_E,STR_M_E,UNTESTED
B_STR_M_N,STR_M_N,UNTESTED
B_STR_M_NE,STR_M_NE,UNTESTED
B_STR_M_NE1,STR_M_NE1,UNTESTED
B_STR_M_NE2,STR_M_NE2,UNTESTED
B_STR_M_NE3,STR_M_NE3,UNTESTED
B_STR_M_NW,STR_M_NW,UNTESTED
B_STR_M_NW1,STR_M_NW1,UNTESTED
B_STR_M_NW2,STR_M_NW2,UNTESTED
B_STR_M_NW3,STR_M_NW3,UNTESTED
B_STR_M_S,STR_M_S,UNTESTED
B_STR_M_W,STR_M_W,UNTESTED
B_STR_M_Y_E,STR_M_Y_E,UNTESTED
B_STR_M_Y_N,STR_M_Y_N,UNTESTED
B_STR_M_Y_NE,STR_M_Y_NE,UNTESTED
B_STR_M_Y_NE1,STR_M_Y_NE1,UNTESTED
B_STR_M_Y_NE2,STR_M_Y_NE2,UNTESTED
B_STR_M_Y_NE3,STR_M_Y_NE3,UNTESTED
B_STR_M_Y_NW,STR_M_Y_NW,UNTESTED
B_STR_M_Y_NW1,STR_M_Y_NW1,UNTESTED
B_STR_M_Y_NW2,STR_M_Y_NW2,UNTESTED
B_STR_M_Y_NW3,STR_M_Y_NW3,UNTESTED
B_STR_M_Y_S,STR_M_Y_S,UNTESTED
B_STR_M_Y_W,STR_M_Y_W,UNTESTED
B_STR_N_E,STR_N_E,UNTESTED
B_STR_N_N,STR_N_N,UNTESTED
B_STR_N_NE,STR_N_NE,UNTESTED
B_STR_N_NE1,STR_N_NE1,UNTESTED
B_STR_N_NE2,STR_N_NE2,UNTESTED
B_STR_N_NE3,STR_N_NE3,UNTESTED
B_STR_N_NW,STR_N_NW,UNTESTED
B_STR_N_NW1,STR_N_NW1,UNTESTED
B_STR_N_NW2,STR_N_NW2,UNTESTED
B_STR_N_NW3,STR_N_NW3,UNTESTED
B_STR_N_S,STR_N_S,UNTESTED
B_STR_N_W,STR_N_W,UNTESTED
B_STR_N_Y_E,STR_N_Y_E,UNTESTED
B_STR_N_Y_N,STR_N_Y_N,UNTESTED
B_STR_N_Y_NE,STR_N_Y_NE,UNTESTED
B_STR_N_Y_NE1,STR_N_Y_NE1,UNTESTED
B_STR_N_Y_NE2,STR_N_Y_NE2,UNTESTED
B_STR_N_Y_NE3,STR_N_Y_NE3,UNTESTED
B_STR_N_Y_NW,STR_N_Y_NW,UNTESTED
B_STR_N_Y_NW1,STR_N_Y_NW1,UNTESTED
B_STR_N_Y_NW2,STR_N_Y_NW2,UNTESTED
B_STR_N_Y_NW3,STR_N_Y_NW3,UNTESTED
B_STR_N_Y_S,STR_N_Y_S,UNTESTED
B_STR_N_Y_W,STR_N_Y_W,UNTESTED
B_STR_O_E,STR_O_E,UNTESTED
B_STR_O_N,STR_O_N,UNTESTED
B_STR_O_S,STR_O_S,UNTESTED
B_STR_O_W,STR_O_W,UNTESTED
B_STR_O_Y_E,STR_O_Y_E,UNTESTED
B_STR_O_Y_N,STR_O_Y_N,UNTESTED
B_STR_O_Y_S,STR_O_Y_S,UNTESTED
B_STR_O_Y_W,STR_O_Y_W,UNTESTED
B_STR_P_E,STR_P_E,UNTESTED
B_STR_P_N,STR_P_N,UNTESTED
B_STR_P_S,STR_P_S,UNTESTED
B_STR_P_W,STR_P_W,UNTESTED
B_STR_P_Y_E,STR_P_Y_E,UNTESTED
B_STR_P_Y_N,STR_P_Y_N,UNTESTED
B_STR_P_Y_S,STR_P_Y_S,UNTESTED
B_STR_P_Y_W,STR_P_Y_W,UNTESTED
B_STR_Q_E,STR_Q_E,UNTESTED
B_STR_Q_N,STR_Q_N,UNTESTED
B_STR_Q_S,STR_Q_S,UNTESTED
B_STR_Q_W,STR_Q_W,UNTESTED
B_STR_Q_Y_E,STR_Q_Y_E,UNTESTED
B_STR_Q_Y_N,STR_Q_Y_N,UNTESTED
B_STR_Q_Y_S,STR_Q_Y_S,UNTESTED
B_STR_Q_Y_W,STR_Q_Y_W,UNTESTED
B_STR_R_E,STR_R_E,UNTESTED
B_STR_R_N,STR_R_N,UNTESTED
B_STR_R_S,STR_R_S,UNTESTED
B_STR_R_W,STR_R_W,UNTESTED
B_STR_R_Y_E,STR_R_Y_E,UNTESTED
B_STR_R_Y_N,STR_R_Y_N,UNTESTED
B_STR_R_Y_S,STR_R_Y_S,UNTESTED
B_STR_R_Y_W,STR_R_Y_W,UNTESTED
B_STR_S_E,STR_S_E,UNTESTED
B_STR_S_N,STR_S_N,UNTESTED
B_STR_S_S,STR_S_S,UNTESTED
B_STR_S_W,STR_S_W,UNTESTED
B_STR_S_Y_E,STR_S_Y_E,UNTESTED
B_STR_S_Y_N,STR_S_Y_N,UNTESTED
B_STR_S_Y_S,STR_S_Y_S,UNTESTED
B_STR_S_Y_W,STR_S_Y_W,UNTESTED
B_STR_T_NETB,STR_T_NETB,UNTESTED
B_STR_T_NETB1,STR_T_NETB1,UNTESTED
B_STR_T_NETB2,STR_T_NETB2,UNTESTED
B_STR_T_NETB3,STR_T_NETB3,UNTESTED
B_STR_T_NWTB,STR_T_NWTB,UNTESTED
B_STR_T_NWTB1,STR_T_NWTB1,UNTESTED
B_STR_T_NWTB2,STR_T_NWTB2,UNTESTED
B_STR_T_NWTB3,STR_T_NWTB3,UNTESTED
B_STR_U_NETB,STR_U_NETB,UNTESTED
B_STR_U_NETB1,STR_U_NETB1,UNTESTED
B_STR_U_NETB2,STR_U_NETB2,UNTESTED
B_STR_U_NETB3,STR_U_NETB3,UNTESTED
B_STR_U_NWTB,STR_U_NWTB,UNTESTED
B_STR_U_NWTB1,STR_U_NWTB1,UNTESTED
B_STR_U_NWTB2,STR_U_NWTB2,UNTESTED
B_STR_U_NWTB3,STR_U_NWTB3,UNTESTED
B_STR_V_NETB,STR_V_NETB,UNTESTED
B_STR_V_NETB1,STR_V_NETB1,UNTESTED
B_STR_V_NETB2,STR_V_NETB2,UNTESTED
B_STR_V_NETB3,STR_V_NETB3,UNTESTED
B_STR_V_NWTB,STR_V_NWTB,UNTESTED
B_STR_V_NWTB1,STR_V_NWTB1,UNTESTED
B_STR_V_NWTB2,STR_V_NWTB2,UNTESTED
B_STR_V_NWTB3,STR_V_NWTB3,UNTESTED
B_STR_W_NETB,STR_W_NETB,UNTESTED
B_STR_W_NETB1,STR_W_NETB1,UNTESTED
B_STR_W_NETB2,STR_W_NETB2,UNTESTED
B_STR_W_NETB3,STR_W_NETB3,UNTESTED
B_STR_W_NWTB,STR_W_NWTB,UNTESTED
B_STR_W_NWTB1,STR_W_NWTB1,UNTESTED
B_STR_W_NWTB2,STR_W_NWTB2,UNTESTED
B_STR_W_NWTB3,STR_W_NWTB3,UNTESTED
B_STR_X_NETB,STR_X_NETB,UNTESTED
B_STR_X_NETB1,STR_X_NETB1,UNTESTED
B_STR_X_NETB2,STR_X_NETB2,UNTESTED
B_STR_X_NETB3,STR_X_NETB3,UNTESTED
B_STR_X_NWTB,STR_X_NWTB,UNTESTED
B_STR_X_NWTB1,STR_X_NWTB1,UNTESTED
B_STR_X_NWTB2,STR_X_NWTB2,UNTESTED
B_STR_X_NWTB3,STR_X_NWTB3,UNTESTED
B_STR_Y_NETB,STR_Y_NETB,UNTESTED
B_STR_Y_NETB1,STR_Y_NETB1,UNTESTED
B_STR_Y_NETB2,STR_Y_NETB2,UNTESTED
B_STR_Y_NETB3,STR_Y_NETB3,UNTESTED
B_STR_Y_NWTB,STR_Y_NWTB,UNTESTED
B_STR_Y_NWTB1,STR_Y_NWTB1,UNTESTED
B_STR_Y_NWTB2,STR_Y_NWTB2,UNTESTED
B_STR_Y_NWTB3,STR_Y_NWTB3,UNTESTED
B_STR_Z_NETB,STR_Z_NETB,UNTESTED
B_STR_Z_NETB1,STR_Z_NETB1,UNTESTED
B_STR_Z_NETB2,STR_Z_NETB2,UNTESTED
B_STR_Z_NETB3,STR_Z_NETB3,UNTESTED
B_STR_Z_NWTB,STR_Z_NWTB,UNTESTED
B_STR_Z_NWTB1,STR_Z_NWTB1,UNTESTED
B_STR_Z_NWTB2,STR_Z_NWTB2,UNTESTED
B_STR_Z_NWTB3,STR_Z_NWTB3,UNTESTED
B_TOWER,TOWER,UNTESTED
B_TOWER_B,TOWER_B,UNTESTED
B_TOWER_C,TOWER,UNTESTED
B_TRIFLOOR,TRIFLOOR,UNTESTED
B_TRIFLOOR_Q,TRIFLOOR,UNTESTED
B_TRU_A,TRU_A,UNTESTED
B_TRU_B,TRU_B,UNTESTED
B_TRU_C,TRU,UNTESTED
B_TRU_D,TRU_D,UNTESTED
B_TRU_E,TRU_E,UNTESTED
B_TRU_F,TRU_F,UNTESTED
B_TRU_G,TRU_G,UNTESTED
B_TRU_H,TRU,UNTESTED
B_TUR_A,TUR_A,UNTESTED
B_TUR_B,TUR_B,UNTESTED
B_TUR_C,TUR,UNTESTED
B_TUR_D,TUR_D,UNTESTED
B_TUR_E,TUR_E,UNTESTED
B_TUR_F,TUR_F,UNTESTED
B_WALL,WALL,UNTESTED
B_WALLB,WALLB,UNTESTED
B_WALLB_DIAGONA,WALLB_DIAGONA,UNTESTED
B_WALLB_H,WALLB,UNTESTED
B_WALLB_WIN0,WALLB_WIN0,UNTESTED
B_WALLB_WIN1,WALLB_WIN1,UNTESTED
B_WALLB_WIN2,WALLB_WIN2,UNTESTED
B_WALLB_WIN3,WALLB_WIN3,UNTESTED
B_WALLDIAGONAL,WALLDIAGONAL,UNTESTED
B_WALLHANGING1,WALLHANGING1,UNTESTED
B_WALLHANGING2,WALLHANGING2,UNTESTED
B_WALLHANGING3,WALLHANGING3,UNTESTED
B_WALLM,WALLM,UNTESTED
B_WALLM_DIAGONA,WALLM_DIAGONA,UNTESTED
B_WALLM_H,WALLM,UNTESTED
B_WALLM_WIN0,WALLM_WIN0,UNTESTED
B_WALLM_WIN1,WALLM_WIN1,UNTESTED
B_WALLM_WIN2,WALLM_WIN2,UNTESTED
B_WALLM_WIN3,WALLM_WIN3,UNTESTED
B_WALLT,WALLT,UNTESTED
B_WALLT_DIAGONA,WALLT_DIAGONA,UNTESTED
B_WALLT_H,WALLT,UNTESTED
B_WALLT_WIN0,WALLT_WIN0,UNTESTED
B_WALLT_WIN1,WALLT_WIN1,UNTESTED
B_WALLT_WIN2,WALLT_WIN2,UNTESTED
B_WALLT_WIN3,WALLT_WIN3,UNTESTED
B_WALL_BUNK0,WALL_BUNK0,UNTESTED
B_WALL_CARG0,WALL_CARG0,UNTESTED
B_WALL_CARG1,WALL_CARG1,UNTESTED
B_WALL_CARG2,WALL_CARG2,UNTESTED
B_WALL_CARG3,WALL_CARG3,UNTESTED
B_WALL_CARG4,WALL_CARG4,UNTESTED
B_WALL_CARG5,WALL_CARG5,UNTESTED
B_WALL_CARG6,WALL_CARG6,UNTESTED
B_WALL_CARG7,WALL_CARG7,UNTESTED
B_WALL_CARG8,WALL_CARG8,UNTESTED
B_WALL_CARG9,WALL_CARG9,UNTESTED
B_WALL_H,WALL,UNTESTED
B_WALL_KITC0,WALL_KITC0,UNTESTED
B_WALL_MED0,WALL_MED0,UNTESTED
B_WALL_PLAN0,WALL_PLAN0,UNTESTED
B_WALL_Q,WALL,UNTESTED
B_WALL_Q1,WALL_Q1,UNTESTED
B_WALL_Q_H,WALL_Q,UNTESTED
B_WALL_Q_H1,WALL_Q,UNTESTED
B_WALL_SUPPORTS,WALL_SUPPORTS,UNTESTED
B_WALL_TECH0,WALL_TECH0,UNTESTED
B_WALL_TECH1,WALL_TECH1,UNTESTED
B_WALL_TOIL0,WALL_TOIL0,UNTESTED
B_WALL_WIN1,WALL_WIN1,UNTESTED
B_WALL_WIN2,WALL_WIN2,UNTESTED
B_WALL_WIN3,WALL_WIN3,UNTESTED
B_WALL_WIND0,WALL_WIND0,UNTESTED
B_WALL_WIND1,WALL_WIND1,UNTESTED
B_WALL_WIND2,WALL_WIND2,UNTESTED
B_WALL_WINDOW,WALL_WINDOW,UNTESTED
B_WATERTOWER,WATERTOWER,UNTESTED
B_WNG_A,WNG_A,UNTESTED
B_WNG_A_R,WNG_A_R,UNTESTED
B_WNG_B,WNG_B,UNTESTED
B_WNG_B_R,WNG_B_R,UNTESTED
B_WNG_C,WNG,UNTESTED
B_WNG_C_R,WNG_C_R,UNTESTED
B_WNG_D,WNG_D,UNTESTED
B_WNG_D_R,WNG_D_R,UNTESTED
B_WNG_E,WNG_E,UNTESTED
B_WNG_E_R,WNG_E_R,UNTESTED
B_WNG_F,WNG_F,UNTESTED
B_WNG_F_R,WNG_F_R,UNTESTED
B_WNG_G,WNG_G,UNTESTED
B_WNG_G_R,WNG_G_R,UNTESTED
B_WNG_H,WNG,UNTESTED
B_WNG_H_R,WNG_H_R,UNTESTED
B_WNG_I,WNG_I,UNTESTED
B_WNG_I_R,WNG_I_R,UNTESTED
B_WNG_J,WNG_J,UNTESTED
B_WNG_J_R,WNG_J_R,UNTESTED
B_WNG_K,WNG_K,UNTESTED
B_WNG_K_R,WNG_K_R,UNTESTED
B_WNG_L,WNG_L,UNTESTED
B_WNG_L_R,WNG_L_R,UNTESTED
B_WNG_M,WNG,UNTESTED
B_WNG_M_R,WNG_M_R,UNTESTED
B_WNG_N,WNG_N,UNTESTED
B_WNG_N_R,WNG_N_R,UNTESTED
B_WNG_O_0,WNG_O_0,UNTESTED
B_WNG_O_0_R,WNG_O_0_R,UNTESTED
B_WNG_O_1,WNG_O_1,UNTESTED
B_WNG_O_1_R,WNG_O_1_R,UNTESTED
B_WNG_O_2,WNG_O_2,UNTESTED
B_WNG_O_2_R,WNG_O_2_R,UNTESTED
B_WNG_P,WNG_P,UNTESTED
B_WNG_P_B,WNG_P_B,UNTESTED
B_WNG_P_R,WNG_P_R,UNTESTED
B_WNG_P_T,WNG_P_T,UNTESTED
B_WNG_Q,WNG,UNTESTED
B_WNG_Q_R,WNG_Q_R,UNTESTED
B_WNG_R,WNG_R,UNTESTED
B_WNG_R_B,WNG_R_B,UNTESTED
B_WNG_R_R,WNG_R_R,UNTESTED
B_WNG_R_T,WNG_R_T,UNTESTED
CARBONPLANTER,CARBONPLANTER,UNTESTED
CEILINGLIGHT,CEILINGLIGHT,UNTESTED
CONTAINER0,CONTAINER0,UNTESTED
CONTAINER1,CONTAINER1,UNTESTED
CONTAINER2,CONTAINER2,UNTESTED
CONTAINER3,CONTAINER3,UNTESTED
CONTAINER4,CONTAINER4,UNTESTED
CONTAINER5,CONTAINER5,UNTESTED
CONTAINER6,CONTAINER6,UNTESTED
CONTAINER7,CONTAINER7,UNTESTED
CONTAINER8,CONTAINER8,UNTESTED
CONTAINER9,CONTAINER9,UNTESTED
CONT_S,CONT_S,UNTESTED
COOKER,COOKER,UNTESTED
CORNERPOST,CORNERPOST,UNTESTED
CORRIDOR,CORRIDOR,UNTESTED
CORRIDORC,CORRIDORC,UNTESTED
CORRIDORL,CORRIDORL,UNTESTED
CORRIDORL_SPACE,CORRIDORL,UNTESTED
CORRIDORL_WATER,CORRIDORL_WATER,UNTESTED
CORRIDORT,CORRIDORT,UNTESTED
CORRIDORT_SPACE,CORRIDORT,UNTESTED
CORRIDORT_WATER,CORRIDORT_WATER,UNTESTED
CORRIDORV_WATER,CORRIDORV_WATER,UNTESTED
CORRIDORX,CORRIDORX,UNTESTED
CORRIDORX_SPACE,CORRIDORX,UNTESTED
CORRIDORX_WATER,CORRIDORX_WATER,UNTESTED
CORRIDOR_S,CORRIDOR_S,UNTESTED
CORRIDOR_SPACE,CORRIDOR,UNTESTED
CORRIDOR_WATER,CORRIDOR_WATER,UNTESTED
CORRIDOR_WINDOW,CORRIDOR_WINDOW,UNTESTED
CORSTAIRS_SPACE,CORSTAIRS,UNTESTED
CRATEFRAME,CRATEFRAME,UNTESTED
CRATELCYLINDER,CRATELCYLINDER,UNTESTED
CRATELRARE,CRATELRARE,UNTESTED
CREATHOLOGRAM,CREATHOLOGRAM,UNTESTED
CREATUREPLANT,CREATUREPLANT,UNTESTED
CREATURE_FARM,CREATURE_FARM,UNTESTED
CREATURE_FEED,CREATURE_FEED,UNTESTED
CUBEFLOOR,CUBEFLOOR,UNTESTED
CUBEFOUND,CUBEFOUND,UNTESTED
CUBEFOUND4,CUBEFOUND4,UNTESTED
CUBEFRAME,CUBEFRAME,UNTESTED
CUBEGLASS,CUBEGLASS,UNTESTED
CUBEINNERDOOR,CUBEINNERDOOR,UNTESTED
CUBEROOF,CUBEROOF,UNTESTED
CUBEROOM,CUBEROOM,UNTESTED
CUBEROOMB_SPACE,CUBEROOMB,UNTESTED
CUBEROOMCURVED,CUBEROOMCURVED,UNTESTED
CUBEROOMC_SPACE,CUBEROOMC,UNTESTED
CUBEROOM_SPACE,CUBEROOM,UNTESTED
CUBESHAPE,CUBESHAPE,UNTESTED
CUBESOLID,CUBESOLID,UNTESTED
CUBESTAIRS,CUBESTAIRS,UNTESTED
CUBEWALL,CUBEWALL,UNTESTED
CUBEWALL_SPACE,CUBEWALL,UNTESTED
CUBEWINDOW,CUBEWINDOW,UNTESTED
CUBEWINDOWOVAL,CUBEWINDOWOVAL,UNTESTED
CUBEWINDOWSMALL,CUBEWINDOWSMALL,UNTESTED
CURVEDCUBEROOF,CURVEDCUBEROOF,UNTESTED
CURVEDDESK,CURVEDDESK,UNTESTED
CURVEPIPESHAPE,CURVEPIPESHAPE,UNTESTED
CYLINDERSHAPE,CYLINDERSHAPE,UNTESTED
C_ARCH,ARCH,UNTESTED
C_ARCH_H,ARCH,UNTESTED
C_DOOR,DOOR,UNTESTED
C_DOORWINDOW,DOORWINDOW,UNTESTED
C_DOOR_H,DOOR,UNTESTED
C_FLOOR,FLOOR,UNTESTED
C_FLOOR_Q,FLOOR,UNTESTED
C_GDOOR,GDOOR,UNTESTED
C_GFLOOR,GFLOOR,UNTESTED
C_RAMP,STAIR_FULL_RAMP,BLENDER_USER_CHECK
C_RAMP_H,RAMP,UNTESTED
C_ROOF,ROOF,UNTESTED
C_ROOF_C,ROOF,UNTESTED
C_ROOF_IC,ROOF,UNTESTED
C_ROOF_M,ROOF,UNTESTED
C_TRIFLOOR,TRIFLOOR,BLENDER_USER_CHECK
C_TRIFLOOR_Q,TRIFLOOR,UNTESTED
C_WALL,WALL,UNTESTED
C_WALLDIAGONAL,WALLDIAGONAL,UNTESTED
C_WALL_H,WALL,UNTESTED
C_WALL_Q,WALL,UNTESTED
C_WALL_Q_H,WALL_Q,UNTESTED
C_WALL_WINDOW,WALL_WINDOW,UNTESTED
DECAL_AF,DECAL_AF,UNTESTED
DECAL_AGT,DECAL_AGT,UNTESTED
DECAL_AMINO,DECAL_AMINO,UNTESTED
DECAL_BIOME3,DECAL_BIOME3,UNTESTED
DECAL_BLUESYS,DECAL_BLUESYS,UNTESTED
DECAL_BONEJUDGE,DECAL_BONEJUDGE,UNTESTED
DECAL_BONESOUP,DECAL_BONESOUP,UNTESTED
DECAL_CAFE,DECAL_CAFE,UNTESTED
DECAL_CPLANET1,DECAL_CPLANET1,UNTESTED
DECAL_CREBEETLE,DECAL_CREBEETLE,UNTESTED
DECAL_CREFLY,DECAL_CREFLY,UNTESTED
DECAL_CREPAWS,DECAL_CREPAWS,UNTESTED
DECAL_EXTINCT,DECAL_EXTINCT,UNTESTED
DECAL_FPLANET2,DECAL_FPLANET2,UNTESTED
DECAL_GALCORE,DECAL_GALCORE,UNTESTED
DECAL_HAZARD,DECAL_HAZARD,UNTESTED
DECAL_HORROR,DECAL_HORROR,UNTESTED
DECAL_JELLY,DECAL_JELLY,UNTESTED
DECAL_NEXUSM,DECAL_NEXUSM,UNTESTED
DECAL_NMSCORD,DECAL_NMSCORD,UNTESTED
DECAL_NMS_FR,DECAL_NMS_FR,UNTESTED
DECAL_PEEP,DECAL_PEEP,UNTESTED
DECAL_PIRATESYS,DECAL_PIRATESYS,UNTESTED
DECAL_QIT,DECAL_QIT,UNTESTED
DECAL_RUINMECH,DECAL_RUINMECH,UNTESTED
DECAL_SCAN,DECAL_SCAN,UNTESTED
DECAL_SHIP1,DECAL_SHIP1,UNTESTED
DECAL_SKULL,DECAL_SKULL,UNTESTED
DECAL_SPOOKATL,DECAL_SPOOKATL,UNTESTED
DECAL_STARTSHIP,DECAL_STARTSHIP,UNTESTED
DECAL_TOSTARS,DECAL_TOSTARS,UNTESTED
DECAL_UFT,DECAL_UFT,UNTESTED
DECAL_UN42,DECAL_UN42,UNTESTED
DECAL_UWTREAS,DECAL_UWTREAS,UNTESTED
DECAL_WORM_P1,DECAL_WORM_P1,UNTESTED
DECAL_WORM_P2,DECAL_WORM_P2,UNTESTED
DECAL_WORM_P3,DECAL_WORM_P3,UNTESTED
DECAL_WORM_P4,DECAL_WORM_P4,UNTESTED
DECAL_WORM_P5,DECAL_WORM_P5,UNTESTED
DOOR2,DOOR2,UNTESTED
DRAWS,DRAWS,UNTESTED
DRESSING_TABLE,DRESSING_TABLE,UNTESTED
EXPD_CUBE_06,EXPD_CUBE_06,UNTESTED
EXPD_DECAL01,EXPD_DECAL01,UNTESTED
EXPD_DECAL02,EXPD_DECAL02,UNTESTED
EXPD_DECAL03,EXPD_DECAL03,UNTESTED
EXPD_DECAL04,EXPD_DECAL04,UNTESTED
EXPD_DECAL05,EXPD_DECAL05,UNTESTED
EXPD_DECAL06,EXPD_DECAL06,UNTESTED
EXPD_DECAL07,EXPD_DECAL07,UNTESTED
EXPD_DECAL08,EXPD_DECAL08,UNTESTED
EXPD_DECAL09,EXPD_DECAL09,UNTESTED
EXPD_DECAL10,EXPD_DECAL10,UNTESTED
EXPD_DECAL11,EXPD_DECAL11,UNTESTED
EXPD_DECAL12,EXPD_DECAL12,UNTESTED
EXPD_DECAL13,EXPD_DECAL13,UNTESTED
EXPD_DECAL14,EXPD_DECAL14,UNTESTED
EXPD_DECAL15,EXPD_DECAL15,UNTESTED
EXPD_DECAL16,EXPD_DECAL16,UNTESTED
EXPD_DECAL17,EXPD_DECAL17,UNTESTED
EXPD_DECAL18,EXPD_DECAL18,UNTESTED
EXPD_DECAL19,EXPD_DECAL19,UNTESTED
EXPD_DECAL20,EXPD_DECAL20,UNTESTED
EXPD_DECAL21,EXPD_DECAL21,UNTESTED
EXPD_DECAL22,EXPD_DECAL22,UNTESTED
EXPD_FIREWORK01,EXPD_FIREWORK01,UNTESTED
EXPD_FIREWORK02,EXPD_FIREWORK02,UNTESTED
EXPD_FIREWORK03,EXPD_FIREWORK03,UNTESTED
EXPD_FIREWORK04,EXPD_FIREWORK04,UNTESTED
EXPD_FLAG_06A,EXPD_FLAG_06A,UNTESTED
EXPD_FLAG_06B,EXPD_FLAG_06B,UNTESTED
EXPD_FLAG_06C,EXPD_FLAG_06C,UNTESTED
EXPD_FLAG_06D,EXPD_FLAG_06D,UNTESTED
EXPD_FLAG_06E,EXPD_FLAG_06E,UNTESTED
EXPD_POSTER05A,EXPD_POSTER05A,UNTESTED
EXPD_POSTER05B,EXPD_POSTER05B,UNTESTED
EXPD_POSTER05C,EXPD_POSTER05C,UNTESTED
EXPD_POSTER06A,EXPD_POSTER06A,UNTESTED
EXPD_POSTER06B,EXPD_POSTER06B,UNTESTED
EXPD_POSTER06C,EXPD_POSTER06C,UNTESTED
EXPD_POSTER07A,EXPD_POSTER07A,UNTESTED
EXPD_POSTER07B,EXPD_POSTER07B,UNTESTED
EXPD_POSTER07C,EXPD_POSTER07C,UNTESTED
EXPD_POSTER08A,EXPD_POSTER08A,UNTESTED
EXPD_POSTER08B,EXPD_POSTER08B,UNTESTED
EXPD_POSTER08C,EXPD_POSTER08C,UNTESTED
EXPD_POSTER09A,EXPD_POSTER09A,UNTESTED
EXPD_POSTER09B,EXPD_POSTER09B,UNTESTED
EXPD_POSTER09C,EXPD_POSTER09C,UNTESTED
EXPD_POSTER10A,EXPD_POSTER10A,UNTESTED
EXPD_POSTER10B,EXPD_POSTER10B,UNTESTED
EXPD_POSTER10C,EXPD_POSTER10C,UNTESTED
EXPD_POSTER11A,EXPD_POSTER11A,UNTESTED
EXPD_POSTER11B,EXPD_POSTER11B,UNTESTED
EXPD_POSTER11C,EXPD_POSTER11C,UNTESTED
EXPD_POSTER12A,EXPD_POSTER12A,UNTESTED
EXPD_POSTER12B,EXPD_POSTER12B,UNTESTED
EXPD_POSTER12C,EXPD_POSTER12C,UNTESTED
EXPD_POSTER13A,EXPD_POSTER13A,UNTESTED
EXPD_POSTER13B,EXPD_POSTER13B,UNTESTED
EXPD_POSTER13C,EXPD_POSTER13C,UNTESTED
EXPD_POSTER14A,EXPD_POSTER14A,UNTESTED
EXPD_POSTER14B,EXPD_POSTER14B,UNTESTED
EXPD_POSTER14C,EXPD_POSTER14C,UNTESTED
EXPD_POSTER15A,EXPD_POSTER15A,UNTESTED
EXPD_POSTER15B,EXPD_POSTER15B,UNTESTED
EXPD_POSTER15C,EXPD_POSTER15C,UNTESTED
EXPD_POSTER16A,EXPD_POSTER16A,UNTESTED
EXPD_POSTER16B,EXPD_POSTER16B,UNTESTED
EXPD_POSTER16C,EXPD_POSTER16C,UNTESTED
EXPD_POSTER17A,EXPD_POSTER17A,UNTESTED
EXPD_POSTER17B,EXPD_POSTER17B,UNTESTED
EXPD_POSTER17C,EXPD_POSTER17C,UNTESTED
EXPD_POSTER18A,EXPD_POSTER18A,UNTESTED
EXPD_POSTER18B,EXPD_POSTER18B,UNTESTED
EXPD_POSTER18C,EXPD_POSTER18C,UNTESTED
EXPD_POSTER19A,EXPD_POSTER19A,UNTESTED
EXPD_POSTER19B,EXPD_POSTER19B,UNTESTED
EXPD_POSTER19C,EXPD_POSTER19C,UNTESTED
EXPD_POSTER20A,EXPD_POSTER20A,UNTESTED
EXPD_POSTER20B,EXPD_POSTER20B,UNTESTED
EXPD_POSTER20C,EXPD_POSTER20C,UNTESTED
EXPD_POSTER21A,EXPD_POSTER21A,UNTESTED
EXPD_POSTER21B,EXPD_POSTER21B,UNTESTED
EXPD_POSTER21C,EXPD_POSTER21C,UNTESTED
EXPD_POSTER22A,EXPD_POSTER22A,UNTESTED
EXPD_POSTER22B,EXPD_POSTER22B,UNTESTED
EXPD_POSTER22C,EXPD_POSTER22C,UNTESTED
FLAG1,FLAG1,UNTESTED
FLAG2,FLAG2,UNTESTED
FLAG3,FLAG3,UNTESTED
FLAG4,FLAG4,UNTESTED
FLOORMAT1,FLOORMAT1,UNTESTED
FOORLIGHT,FOORLIGHT,UNTESTED
FOOTLOCKER,FOOTLOCKER,UNTESTED
FOS_BI,FOS_BI,UNTESTED
FOS_BIRD,FOS_BIRD,UNTESTED
FOS_BIRD_DIS,FOS_BIRD_DIS,UNTESTED
FOS_BI_BODY_AA,FOS_BI_BODY_AA,UNTESTED
FOS_BI_BODY_AB,FOS_BI_BODY_AB,UNTESTED
FOS_BI_BODY_AC,FOS_BI_BODY_AC,UNTESTED
FOS_BI_BODY_AD,FOS_BI_BODY_AD,UNTESTED
FOS_BI_BODY_AE,FOS_BI_BODY_AE,UNTESTED
FOS_BI_BODY_AN,FOS_BI_BODY_AN,UNTESTED
FOS_BI_BODY_BA,FOS_BI_BODY_BA,UNTESTED
FOS_BI_BODY_BB,FOS_BI_BODY_BB,UNTESTED
FOS_BI_BODY_BC,FOS_BI_BODY_BC,UNTESTED
FOS_BI_BODY_BD,FOS_BI_BODY_BD,UNTESTED
FOS_BI_BODY_BE,FOS_BI_BODY_BE,UNTESTED
FOS_BI_BODY_BN,FOS_BI_BODY_BN,UNTESTED
FOS_BI_DIS,FOS_BI_DIS,UNTESTED
FOS_BI_TAIL_AA,FOS_BI_TAIL_AA,UNTESTED
FOS_BI_TAIL_AN,FOS_BI_TAIL_AN,UNTESTED
FOS_BI_TAIL_BA,FOS_BI_TAIL_BA,UNTESTED
FOS_BI_TAIL_BN,FOS_BI_TAIL_BN,UNTESTED
FOS_BI_TAIL_CA,FOS_BI_TAIL_CA,UNTESTED
FOS_BI_TAIL_CN,FOS_BI_TAIL_CN,UNTESTED
FOS_BI_TAIL_DA,FOS_BI_TAIL_DA,UNTESTED
FOS_BI_TAIL_DN,FOS_BI_TAIL_DN,UNTESTED
FOS_BI_TAIL_E,FOS_BI_TAIL_E,UNTESTED
FOS_BI_TAIL_F,FOS_BI_TAIL_F,UNTESTED
FOS_BI_TAIL_G,FOS_BI_TAIL_G,UNTESTED
FOS_BODY,FOS_BODY,UNTESTED
FOS_BODY_DISP,FOS_BODY_DISP,UNTESTED
FOS_BODY_MNT,FOS_BODY_MNT,UNTESTED
FOS_GRUN,FOS_GRUN,UNTESTED
FOS_GRUN_DIS,FOS_GRUN_DIS,UNTESTED
FOS_HEAD_AA,FOS_HEAD_AA,UNTESTED
FOS_HEAD_AB,FOS_HEAD_AB,UNTESTED
FOS_HEAD_AC,FOS_HEAD_AC,UNTESTED
FOS_HEAD_AD,FOS_HEAD_AD,UNTESTED
FOS_HEAD_AN,FOS_HEAD_AN,UNTESTED
FOS_HEAD_BA,FOS_HEAD_BA,UNTESTED
FOS_HEAD_BB,FOS_HEAD_BB,UNTESTED
FOS_HEAD_BC,FOS_HEAD_BC,UNTESTED
FOS_HEAD_BD,FOS_HEAD_BD,UNTESTED
FOS_HEAD_BE,FOS_HEAD_BE,UNTESTED
FOS_HEAD_BF,FOS_HEAD_BF,UNTESTED
FOS_HEAD_BG,FOS_HEAD_BG,UNTESTED
FOS_HEAD_BH,FOS_HEAD_BH,UNTESTED
FOS_HEAD_BI,FOS_HEAD_BI,UNTESTED
FOS_HEAD_BJ,FOS_HEAD_BJ,UNTESTED
FOS_HEAD_BN,FOS_HEAD_BN,UNTESTED
FOS_HEAD_CA,FOS_HEAD_CA,UNTESTED
FOS_HEAD_CB,FOS_HEAD_CB,UNTESTED
FOS_HEAD_CC,FOS_HEAD_CC,UNTESTED
FOS_HEAD_CD,FOS_HEAD_CD,UNTESTED
FOS_HEAD_CE,FOS_HEAD_CE,UNTESTED
FOS_HEAD_CF,FOS_HEAD_CF,UNTESTED
FOS_HEAD_CG,FOS_HEAD_CG,UNTESTED
FOS_HEAD_CH,FOS_HEAD_CH,UNTESTED
FOS_HEAD_CI,FOS_HEAD_CI,UNTESTED
FOS_HEAD_CJ,FOS_HEAD_CJ,UNTESTED
FOS_HEAD_CN,FOS_HEAD_CN,UNTESTED
FOS_HEAD_DA,FOS_HEAD_DA,UNTESTED
FOS_HEAD_DB,FOS_HEAD_DB,UNTESTED
FOS_HEAD_DC,FOS_HEAD_DC,UNTESTED
FOS_HEAD_DD,FOS_HEAD_DD,UNTESTED
FOS_HEAD_DE,FOS_HEAD_DE,UNTESTED
FOS_HEAD_DF,FOS_HEAD_DF,UNTESTED
FOS_HEAD_DG,FOS_HEAD_DG,UNTESTED
FOS_HEAD_DH,FOS_HEAD_DH,UNTESTED
FOS_HEAD_DI,FOS_HEAD_DI,UNTESTED
FOS_HEAD_DJ,FOS_HEAD_DJ,UNTESTED
FOS_HEAD_DN,FOS_HEAD_DN,UNTESTED
FOS_HEAD_EA,FOS_HEAD_EA,UNTESTED
FOS_HEAD_EB,FOS_HEAD_EB,UNTESTED
FOS_HEAD_EC,FOS_HEAD_EC,UNTESTED
FOS_HEAD_ED,FOS_HEAD_ED,UNTESTED
FOS_HEAD_EE,FOS_HEAD_EE,UNTESTED
FOS_HEAD_EF,FOS_HEAD_EF,UNTESTED
FOS_HEAD_EG,FOS_HEAD_EG,UNTESTED
FOS_HEAD_EH,FOS_HEAD_EH,UNTESTED
FOS_HEAD_EI,FOS_HEAD_EI,UNTESTED
FOS_HEAD_EJ,FOS_HEAD_EJ,UNTESTED
FOS_HEAD_EN,FOS_HEAD_EN,UNTESTED
FOS_HEAD_FA,FOS_HEAD_FA,UNTESTED
FOS_HEAD_FB,FOS_HEAD_FB,UNTESTED
FOS_HEAD_FC,FOS_HEAD_FC,UNTESTED
FOS_HEAD_FD,FOS_HEAD_FD,UNTESTED
FOS_HEAD_FE,FOS_HEAD_FE,UNTESTED
FOS_HEAD_FF,FOS_HEAD_FF,UNTESTED
FOS_HEAD_FG,FOS_HEAD_FG,UNTESTED
FOS_HEAD_FH,FOS_HEAD_FH,UNTESTED
FOS_HEAD_FI,FOS_HEAD_FI,UNTESTED
FOS_HEAD_FJ,FOS_HEAD_FJ,UNTESTED
FOS_HEAD_FK,FOS_HEAD_FK,UNTESTED
FOS_HEAD_FL,FOS_HEAD_FL,UNTESTED
FOS_HEAD_FM,FOS_HEAD_FM,UNTESTED
FOS_HEAD_FN,FOS_HEAD_FN,UNTESTED
FOS_HEAD_GA,FOS_HEAD_GA,UNTESTED
FOS_HEAD_GB,FOS_HEAD_GB,UNTESTED
FOS_HEAD_GC,FOS_HEAD_GC,UNTESTED
FOS_HEAD_GD,FOS_HEAD_GD,UNTESTED
FOS_HEAD_GE,FOS_HEAD_GE,UNTESTED
FOS_HEAD_GF,FOS_HEAD_GF,UNTESTED
FOS_HEAD_GN,FOS_HEAD_GN,UNTESTED
FOS_HEAD_HA,FOS_HEAD_HA,UNTESTED
FOS_HEAD_HB,FOS_HEAD_HB,UNTESTED
FOS_HEAD_HC,FOS_HEAD_HC,UNTESTED
FOS_HEAD_HD,FOS_HEAD_HD,UNTESTED
FOS_HEAD_HE,FOS_HEAD_HE,UNTESTED
FOS_HEAD_HF,FOS_HEAD_HF,UNTESTED
FOS_HEAD_HG,FOS_HEAD_HG,UNTESTED
FOS_HEAD_HN,FOS_HEAD_HN,UNTESTED
FOS_HEAD_IA,FOS_HEAD_IA,UNTESTED
FOS_HEAD_IB,FOS_HEAD_IB,UNTESTED
FOS_HEAD_IC,FOS_HEAD,UNTESTED
FOS_HEAD_ID,FOS_HEAD_ID,UNTESTED
FOS_HEAD_IE,FOS_HEAD_IE,UNTESTED
FOS_HEAD_IF,FOS_HEAD_IF,UNTESTED
FOS_HEAD_IG,FOS_HEAD_IG,UNTESTED
FOS_HEAD_IN,FOS_HEAD_IN,UNTESTED
FOS_HEAD_JA,FOS_HEAD_JA,UNTESTED
FOS_HEAD_JB,FOS_HEAD_JB,UNTESTED
FOS_HEAD_JC,FOS_HEAD_JC,UNTESTED
FOS_HEAD_JD,FOS_HEAD_JD,UNTESTED
FOS_HEAD_JE,FOS_HEAD_JE,UNTESTED
FOS_HEAD_JF,FOS_HEAD_JF,UNTESTED
FOS_HEAD_JG,FOS_HEAD_JG,UNTESTED
FOS_HEAD_JH,FOS_HEAD_JH,UNTESTED
FOS_HEAD_JI,FOS_HEAD_JI,UNTESTED
FOS_HEAD_JJ,FOS_HEAD_JJ,UNTESTED
FOS_HEAD_JN,FOS_HEAD_JN,UNTESTED
FOS_HEAD_KA,FOS_HEAD_KA,UNTESTED
FOS_HEAD_KB,FOS_HEAD_KB,UNTESTED
FOS_HEAD_KC,FOS_HEAD_KC,UNTESTED
FOS_HEAD_KD,FOS_HEAD_KD,UNTESTED
FOS_HEAD_KE,FOS_HEAD_KE,UNTESTED
FOS_HEAD_KF,FOS_HEAD_KF,UNTESTED
FOS_HEAD_KG,FOS_HEAD_KG,UNTESTED
FOS_HEAD_KH,FOS_HEAD_KH,UNTESTED
FOS_HEAD_KI,FOS_HEAD_KI,UNTESTED
FOS_HEAD_KJ,FOS_HEAD_KJ,UNTESTED
FOS_HEAD_KK,FOS_HEAD_KK,UNTESTED
FOS_HEAD_KL,FOS_HEAD_KL,UNTESTED
FOS_HEAD_KN,FOS_HEAD_KN,UNTESTED
FOS_LIMBS,FOS_LIMBS,UNTESTED
FOS_LIMBS_A,FOS_LIMBS_A,UNTESTED
FOS_LIMBS_B,FOS_LIMBS_B,UNTESTED
FOS_LIMBS_C,FOS_LIMBS,UNTESTED
FOS_LIMBS_D,FOS_LIMBS_D,UNTESTED
FOS_LIMBS_DISP,FOS_LIMBS_DISP,UNTESTED
FOS_LIMBS_E,FOS_LIMBS_E,UNTESTED
FOS_LIMBS_F,FOS_LIMBS_F,UNTESTED
FOS_LIMBS_G,FOS_LIMBS_G,UNTESTED
FOS_LIMBS_H,FOS_LIMBS,UNTESTED
FOS_LIMBS_I,FOS_LIMBS_I,UNTESTED
FOS_LIMBS_J,FOS_LIMBS_J,UNTESTED
FOS_LIMBS_MNT,FOS_LIMBS_MNT,UNTESTED
FOS_QUAD,FOS_QUAD,UNTESTED
FOS_QUAD_DIS,FOS_QUAD_DIS,UNTESTED
FOS_SKULL,FOS_SKULL,UNTESTED
FOS_SKULL_DISP,FOS_SKULL_DISP,UNTESTED
FOS_SKULL_MNT,FOS_SKULL_MNT,UNTESTED
FOS_TAIL,FOS_TAIL,UNTESTED
FOS_TAIL_DISP,FOS_TAIL_DISP,UNTESTED
FOS_TAIL_MNT,FOS_TAIL_MNT,UNTESTED
FOS_WORM,FOS_WORM,UNTESTED
FOS_WORM_DIS,FOS_WORM_DIS,UNTESTED
FOUNDATION,FOUNDATION,UNTESTED
FOUNDLEG,FOUNDLEG,UNTESTED
FOUNDLEG4,FOUNDLEG4,UNTESTED
FREIGHTER_CORE,FREIGHTER_CORE,UNTESTED
FRE_CORR_A,FRE_CORR_A,UNTESTED
FRE_CORR_A_GLAS,FRE_CORR_A_GLAS,UNTESTED
FRE_CORR_A_L,FRE_CORR_A_L,UNTESTED
FRE_CORR_A_STR,FRE_CORR_A_STR,UNTESTED
FRE_CORR_A_T,FRE_CORR_A_T,UNTESTED
FRE_CORR_GLA_L,FRE_CORR_GLA_L,UNTESTED
FRE_CORR_GLA_ST,FRE_CORR_GLA_ST,UNTESTED
FRE_CORR_GLA_T,FRE_CORR_GLA_T,UNTESTED
FRE_CORR_G_STA,FRE_CORR_G_STA,UNTESTED
FRE_CORR_STA,FRE_CORR_STA,UNTESTED
FRE_EXT_PLATFOR,FRE_EXT_PLATFOR,UNTESTED
FRE_EXT_WALKWAY,FRE_EXT_WALKWAY,UNTESTED
FRE_EXT_W_STA,FRE_EXT_W_STA,UNTESTED
FRE_FACE_DOOR_A,FRE_FACE_DOOR_A,UNTESTED
FRE_FACE_WALL,FRE_FACE_WALL,UNTESTED
FRE_FACE_WINDOW,FRE_FACE_WINDOW,UNTESTED
FRE_ROOM_BIO,FRE_ROOM_BIO,UNTESTED
FRE_ROOM_COOK,FRE_ROOM_COOK,UNTESTED
FRE_ROOM_DRESS,FRE_ROOM_DRESS,UNTESTED
FRE_ROOM_EXTR,FRE_ROOM_EXTR,UNTESTED
FRE_ROOM_FLEET,FRE_ROOM_FLEET,UNTESTED
FRE_ROOM_IND,FRE_ROOM_IND,UNTESTED
FRE_ROOM_IND1,FRE_ROOM_IND1,UNTESTED
FRE_ROOM_LADDER,FRE_ROOM_LADDER,UNTESTED
FRE_ROOM_NPCBUI,FRE_ROOM_NPCBUI,UNTESTED
FRE_ROOM_NPCFAR,FRE_ROOM_NPCFAR,UNTESTED
FRE_ROOM_NPCSCI,FRE_ROOM_NPCSCI,UNTESTED
FRE_ROOM_NPCVEH,FRE_ROOM_NPCVEH,UNTESTED
FRE_ROOM_NPCWEA,FRE_ROOM_NPCWEA,UNTESTED
FRE_ROOM_PLANT0,FRE_ROOM_PLANT0,UNTESTED
FRE_ROOM_PLANT1,FRE_ROOM_PLANT1,UNTESTED
FRE_ROOM_REFINE,FRE_ROOM_REFINE,UNTESTED
FRE_ROOM_ROCLOC,FRE_ROOM_ROCLOC,UNTESTED
FRE_ROOM_SCAN,FRE_ROOM_SCAN,UNTESTED
FRE_ROOM_SHOP,FRE_ROOM_SHOP,UNTESTED
FRE_ROOM_STORE0,FRE_ROOM_STORE0,UNTESTED
FRE_ROOM_STORE1,FRE_ROOM_STORE1,UNTESTED
FRE_ROOM_STORE2,FRE_ROOM_STORE2,UNTESTED
FRE_ROOM_STORE3,FRE_ROOM_STORE3,UNTESTED
FRE_ROOM_STORE4,FRE_ROOM_STORE4,UNTESTED
FRE_ROOM_STORE5,FRE_ROOM_STORE5,UNTESTED
FRE_ROOM_STORE6,FRE_ROOM_STORE6,UNTESTED
FRE_ROOM_STORE7,FRE_ROOM_STORE7,UNTESTED
FRE_ROOM_STORE8,FRE_ROOM_STORE8,UNTESTED
FRE_ROOM_STORE9,FRE_ROOM_STORE9,UNTESTED
FRE_ROOM_TECH,FRE_ROOM_TECH,UNTESTED
FRE_ROOM_TELEPO,FRE_ROOM_TELEPO,UNTESTED
FRE_ROOM_VEHICL,FRE_ROOM_VEHICL,UNTESTED
F_ARCH,ARCH,UNTESTED
F_ARCHB,ARCHB,UNTESTED
F_ARCHB_H,ARCHB,UNTESTED
F_ARCHM,ARCHM,UNTESTED
F_ARCHM_H,ARCHM,UNTESTED
F_ARCHT,ARCHT,UNTESTED
F_ARCHT_H,ARCHT,UNTESTED
F_ARCH_H,ARCH,UNTESTED
F_CHEV_DOOR,CHEV_DOOR,UNTESTED
F_CHEV_WALL,CHEV_WALL,UNTESTED
F_CHEV_WALL_H_C,CHEV_WALL_H,UNTESTED
F_CHEV_WIN0,CHEV_WIN0,UNTESTED
F_CHEV_WIN1,CHEV_WIN1,UNTESTED
F_CHEV_WIN2,CHEV_WIN2,UNTESTED
F_DOOR,DOOR,UNTESTED
F_DOOR1,DOOR1,UNTESTED
F_DOORB0,DOORB0,UNTESTED
F_DOORB0_H,DOORB0,UNTESTED
F_DOORB1,DOORB1,UNTESTED
F_DOORM0,DOORM0,UNTESTED
F_DOORM0_H,DOORM0,UNTESTED
F_DOORM1,DOORM1,UNTESTED
F_DOORT0,DOORT0,UNTESTED
F_DOORT0_H,DOORT0,UNTESTED
F_DOORT1,DOORT1,UNTESTED
F_DOORWINB0,DOORWINB0,UNTESTED
F_DOORWINDOW,DOORWINDOW,UNTESTED
F_DOORWINM0,DOORWINM0,UNTESTED
F_DOORWINT0,DOORWINT0,UNTESTED
F_DOOR_H,DOOR,UNTESTED
F_FLOOR,FLOOR,UNTESTED
F_FLOOR_Q,FLOOR,UNTESTED
F_GDOOR,GDOOR,UNTESTED
F_GDOORB0,GDOORB0,UNTESTED
F_GDOORM0,GDOORM0,UNTESTED
F_GDOORT0,GDOORT0,UNTESTED
F_GFLOOR,GFLOOR,UNTESTED
F_RAMP,STAIR_FULL_RAMP,BLENDER_USER_CHECK
F_RAMP_H,RAMP,UNTESTED
F_RAMP_Q_TOP,RAMP_Q_TOP,UNTESTED
F_ROOF0,ROOF0,UNTESTED
F_ROOF1,ROOF1,UNTESTED
F_ROOF2,ROOF2,UNTESTED
F_ROOF3,ROOF3,UNTESTED
F_ROOF4,ROOF4,UNTESTED
F_ROOF5,ROOF5,UNTESTED
F_ROOF6,ROOF6,UNTESTED
F_ROOF7,ROOF7,UNTESTED
F_ROOF8,ROOF8,UNTESTED
F_ROOF_C,ROOF,UNTESTED
F_ROOF_E_CAP,ROOF_E_CAP,UNTESTED
F_ROOF_E_Q,ROOF_E,UNTESTED
F_ROOF_IC,ROOF,UNTESTED
F_ROOF_M,ROOF,UNTESTED
F_ROOF_M_CAP,ROOF_M_CAP,UNTESTED
F_ROOF_M_Q,ROOF_M,UNTESTED
F_ROOF_M_WIN,ROOF_M_WIN,UNTESTED
F_TRIFLOOR,TRIFLOOR,UNTESTED
F_TRIFLOOR_Q,TRIFLOOR,UNTESTED
F_WALL,WALL,UNTESTED
F_WALLB,WALLB,UNTESTED
F_WALLB_DIAGONA,WALLB_DIAGONA,UNTESTED
F_WALLB_H,WALLB,UNTESTED
F_WALLB_WIN0,WALLB_WIN0,UNTESTED
F_WALLB_WIN1,WALLB_WIN1,UNTESTED
F_WALLB_WIN2,WALLB_WIN2,UNTESTED
F_WALLB_WIN3,WALLB_WIN3,UNTESTED
F_WALLDIAGONAL,WALLDIAGONAL,UNTESTED
F_WALLM,WALLM,UNTESTED
F_WALLM_DIAGONA,WALLM_DIAGONA,UNTESTED
F_WALLM_H,WALLM,UNTESTED
F_WALLM_WIN0,WALLM_WIN0,UNTESTED
F_WALLM_WIN1,WALLM_WIN1,UNTESTED
F_WALLM_WIN2,WALLM_WIN2,UNTESTED
F_WALLM_WIN3,WALLM_WIN3,UNTESTED
F_WALLT,WALLT,UNTESTED
F_WALLT_DIAGONA,WALLT_DIAGONA,UNTESTED
F_WALLT_H,WALLT,UNTESTED
F_WALLT_WIN0,WALLT_WIN0,UNTESTED
F_WALLT_WIN1,WALLT_WIN1,UNTESTED
F_WALLT_WIN2,WALLT_WIN2,UNTESTED
F_WALLT_WIN3,WALLT_WIN3,UNTESTED
F_WALL_H,WALL,UNTESTED
F_WALL_Q,WALL,UNTESTED
F_WALL_Q1,WALL_Q1,UNTESTED
F_WALL_Q_H,WALL_Q,UNTESTED
F_WALL_Q_H1,WALL_Q,UNTESTED
F_WALL_WIN,WALL_WIN,UNTESTED
F_WALL_WIN1,WALL_WIN1,UNTESTED
F_WALL_WIN2,WALL_WIN2,UNTESTED
F_WALL_WIN3,WALL_WIN3,UNTESTED
F_WALL_WINDOW,WALL_WINDOW,UNTESTED
GAMETABLE,GAMETABLE,UNTESTED
GARAGE_B,GARAGE_B,UNTESTED
GARAGE_FREIGHT,GARAGE_FREIGHT,UNTESTED
GARAGE_L,GARAGE_L,UNTESTED
GARAGE_M,GARAGE,UNTESTED
GARAGE_MECH,GARAGE_MECH,UNTESTED
GARAGE_S,GARAGE_S,UNTESTED
GARAGE_SUB,GARAGE_SUB,UNTESTED
GLASSCORRIDOR,GLASSCORRIDOR,UNTESTED
GRAVPLANT,GRAVPLANT,UNTESTED
HEALTHSTATION,HEALTHSTATION,UNTESTED
HEATER,HEATER,UNTESTED
HOLOFILES,HOLOFILES,UNTESTED
HOLO_DISCO_0,HOLO_DISCO_0,UNTESTED
HOLO_EXP,HOLO_EXP,UNTESTED
HOLO_MED1,HOLO_MED1,UNTESTED
HOLO_MED2,HOLO_MED2,UNTESTED
HOLO_SMALL1,HOLO_SMALL1,UNTESTED
HOLO_SMALL2,HOLO_SMALL2,UNTESTED
HOLO_SMALL3,HOLO_SMALL3,UNTESTED
HOLO_TRA,HOLO_TRA,UNTESTED
HOLO_WAR,HOLO_WAR,UNTESTED
LARGEDESK,LARGEDESK,UNTESTED
LIGHTBOX,LIGHTBOX,UNTESTED
LIGHTFRAME,LIGHTFRAME,UNTESTED
LIGHT_PLINTH,LIGHT_PLINTH,UNTESTED
LIGHT_TALL,LIGHT_TALL,UNTESTED
LIGHT_VERT,LIGHT_VERT,UNTESTED
LOCKER2,LOCKER2,UNTESTED
LUSHPLANT,LUSHPLANT,UNTESTED
L_FLOOR_Q,FLOOR,UNTESTED
MAINROOM,MAINROOM,UNTESTED
MAINROOMCUBE,MAINROOMCUBE,UNTESTED
MAINROOMCUBE_W,MAINROOMCUBE_W,UNTESTED
MAINROOMFRAME,MAINROOMFRAME,UNTESTED
MAINROOM_WATER,MAINROOM_WATER,UNTESTED
MAPTABLE,MAPTABLE,UNTESTED
MEDTUBE,MEDTUBE,UNTESTED
MESSAGE,MESSAGE,UNTESTED
MESSAGEMODULE,MESSAGEMODULE,UNTESTED
MONITORDESK,MONITORDESK,UNTESTED
MOONPOOL,MOONPOOL,UNTESTED
M_ARCH,ARCH,UNTESTED
M_ARCH_H,ARCH,UNTESTED
M_DOOR,DOOR,UNTESTED
M_DOORWINDOW,DOORWINDOW,UNTESTED
M_DOOR_H,DOOR,UNTESTED
M_FLOOR,FLOOR,UNTESTED
M_FLOOR_Q,FLOOR,UNTESTED
M_GDOOR,GDOOR,UNTESTED
M_GFLOOR,GFLOOR,UNTESTED
M_RAMP,STAIR_FULL_RAMP,BLENDER_USER_CHECK
M_RAMP_H,RAMP,UNTESTED
M_ROOF,ROOF,UNTESTED
M_ROOF_C,ROOF,UNTESTED
M_ROOF_IC,ROOF,UNTESTED
M_ROOF_M,ROOF,UNTESTED
M_TRIFLOOR,TRIFLOOR,UNTESTED
M_TRIFLOOR_Q,TRIFLOOR,UNTESTED
M_WALL,WALL,UNTESTED
M_WALLDIAGONAL,WALLDIAGONAL,UNTESTED
M_WALL_H,WALL,UNTESTED
M_WALL_Q,WALL,UNTESTED
M_WALL_Q_H,WALL_Q,UNTESTED
M_WALL_WINDOW,WALL_WINDOW,UNTESTED
NIPPLANT,NIPPLANT,UNTESTED
NOISEBOX,NOISEBOX,UNTESTED
NPCBUILDERTERM,NPCBUILDERTERM,UNTESTED
NPCFARMTERM,NPCFARMTERM,UNTESTED
NPCFRIGTERM,NPCFRIGTERM,UNTESTED
NPCSCIENCETERM,NPCSCIENCETERM,UNTESTED
NPCVEHICLETERM,NPCVEHICLETERM,UNTESTED
NPCWEAPONTERM,NPCWEAPONTERM,UNTESTED
O2_HARVESTER,O2_HARVESTER,UNTESTED
OCTACABINET,OCTACABINET,UNTESTED
PALLET,PALLET,UNTESTED
PANEL_GLASS,PANEL_GLASS,UNTESTED
PEARLPLANT,PEARLPLANT,UNTESTED
PIPE,PIPE,UNTESTED
PIPESHAPE,PIPESHAPE,UNTESTED
PLANTBOX,PLANTBOX,UNTESTED
PLANTER,PLANTER,UNTESTED
PLANTERMEGA,PLANTERMEGA,UNTESTED
PLANTER_S,PLANTER_S,UNTESTED
PLANTPOT,PLANTPOT,UNTESTED
PLANTPOT1,PLANTPOT1,UNTESTED
PLANTPOT2,PLANTPOT2,UNTESTED
PLANTPOT3,PLANTPOT3,UNTESTED
PLANTPOT4,PLANTPOT4,UNTESTED
PLANTTUBE,PLANTTUBE,UNTESTED
POOPPLANT,POOPPLANT,UNTESTED
POWERBOX,POWERBOX,UNTESTED
POWERLINE_HIDER,POWERLINE_HIDER,UNTESTED
PYRAMIDSHAPE,PYRAMIDSHAPE,UNTESTED
RACE_BOOSTER,RACE_BOOSTER,UNTESTED
RACE_RAMP,RACE_RAMP,UNTESTED
RACE_START,RACE_START,UNTESTED
RADIOPLANT,RADIOPLANT,UNTESTED
ROBOTICARM,ROBOTICARM,UNTESTED
ROOFMONITOR,ROOFMONITOR,UNTESTED
ROOMFLOOR,ROOMFLOOR,UNTESTED
S16_HEATER,S16_HEATER,UNTESTED
SACVENOMPLANT,SACVENOMPLANT,UNTESTED
SCORCHEDPLANT,SCORCHEDPLANT,UNTESTED
SERVERBOX1,SERVERBOX1,UNTESTED
SERVERBOX2,SERVERBOX2,UNTESTED
SERVERSTACK,SERVERSTACK,UNTESTED
SET_B_MONU,SET_B_MONU,UNTESTED
SET_CLASS_A,SET_CLASS_A,UNTESTED
SET_CLASS_B,SET_CLASS_B,UNTESTED
SET_CLASS_S,SET_CLASS_S,UNTESTED
SET_CONSTRUCT,SET_CONSTRUCT,UNTESTED
SET_FISHPOND,SET_FISHPOND,UNTESTED
SET_F_MONU,SET_F_MONU,UNTESTED
SET_F_MONU_FA,SET_F_MONU_FA,UNTESTED
SET_GROUNDDECAL,SET_GROUNDDECAL,UNTESTED
SET_INT_SHIPSAL,SET_INT_SHIPSAL,UNTESTED
SET_INT_SUMMARY,SET_INT_SUMMARY,UNTESTED
SET_LZ_SHIPBUIL,SET_LZ_SHIPBUIL,UNTESTED
SET_MAYORTERM,SET_MAYORTERM,UNTESTED
SET_MONUMENT,SET_MONUMENT,UNTESTED
SET_MONUMENT_FA,SET_MONUMENT_FA,UNTESTED
SET_STAFFBUILD,SET_STAFFBUILD,UNTESTED
SET_S_TOWER,SET_S_TOWER,UNTESTED
SET_S_TOWER_FA,SET_S_TOWER_FA,UNTESTED
SET_T_MONU,SET_T_MONU,UNTESTED
SET_T_MONU_FA,SET_T_MONU_FA,UNTESTED
SET_WEAPONBOX,SET_WEAPONBOX,UNTESTED
SHELFPANEL,SHELFPANEL,UNTESTED
SHIELDSTATION,SHIELDSTATION,UNTESTED
SHIPARMS,SHIPARMS,UNTESTED
SLIME_MED,SLIME_MED,UNTESTED
SMALLLIGHT,SMALLLIGHT,UNTESTED
SNOWPLANT,SNOWPLANT,UNTESTED
SPAWNER_BALL,SPAWNER_BALL,UNTESTED
SPEC_DECAL01,SPEC_DECAL01,UNTESTED
SPEC_DECAL02,SPEC_DECAL02,UNTESTED
SPEC_DECAL03,SPEC_DECAL03,UNTESTED
SPEC_DECAL04,SPEC_DECAL04,UNTESTED
SPEC_DECAL05,SPEC_DECAL05,UNTESTED
SPEC_DECAL06,SPEC_DECAL06,UNTESTED
SPEC_DECAL07,SPEC_DECAL07,UNTESTED
SPEC_DECAL08,SPEC_DECAL08,UNTESTED
SPEC_FIREWORK01,SPEC_FIREWORK01,UNTESTED
SPEC_FIREWORK02,SPEC_FIREWORK02,UNTESTED
SPEC_FIREWORK03,SPEC_FIREWORK03,UNTESTED
SPEC_FIREWORK04,SPEC_FIREWORK04,UNTESTED
SPEC_FIREWORK05,SPEC_FIREWORK05,UNTESTED
SPEC_FIREWORK06,SPEC_FIREWORK06,UNTESTED
SPEC_FIREWORK07,SPEC_FIREWORK07,UNTESTED
SPEC_FIREWORK08,SPEC_FIREWORK08,UNTESTED
SPEC_FIREWORK09,SPEC_FIREWORK09,UNTESTED
SPHERESHAPE,SPHERESHAPE,UNTESTED
SPOOKY_PLANT,SPOOKY_PLANT,UNTESTED
STANDINGSIGN,STANDINGSIGN,UNTESTED
STATIONCRATE,STATIONCRATE,UNTESTED
STATUE_ASTRO_B,STATUE_ASTRO_B,UNTESTED
STATUE_ASTRO_G,STATUE_ASTRO_G,UNTESTED
STATUE_ASTRO_I,STATUE_ASTRO_I,UNTESTED
STATUE_ASTRO_S,STATUE_ASTRO_S,UNTESTED
STATUE_ATLAS_B,STATUE_ATLAS_B,UNTESTED
STATUE_ATLAS_G,STATUE_ATLAS_G,UNTESTED
STATUE_ATLAS_I,STATUE_ATLAS_I,UNTESTED
STATUE_ATLAS_S,STATUE_ATLAS_S,UNTESTED
STATUE_BLOB_B,STATUE_BLOB_B,UNTESTED
STATUE_BLOB_G,STATUE_BLOB_G,UNTESTED
STATUE_BLOB_I,STATUE_BLOB_I,UNTESTED
STATUE_BLOB_S,STATUE_BLOB_S,UNTESTED
STATUE_DIP_B,STATUE_DIP_B,UNTESTED
STATUE_DIP_G,STATUE_DIP_G,UNTESTED
STATUE_DIP_I,STATUE_DIP_I,UNTESTED
STATUE_DIP_S,STATUE_DIP_S,UNTESTED
STATUE_GEK_B,STATUE_GEK_B,UNTESTED
STATUE_GEK_G,STATUE_GEK_G,UNTESTED
STATUE_GEK_I,STATUE_GEK_I,UNTESTED
STATUE_GEK_S,STATUE_GEK_S,UNTESTED
STATUE_SHIP_B,STATUE_SHIP_B,UNTESTED
STATUE_SHIP_G,STATUE_SHIP_G,UNTESTED
STATUE_SHIP_I,STATUE_SHIP_I,UNTESTED
STATUE_SHIP_S,STATUE_SHIP_S,UNTESTED
STATUE_WALK_B,STATUE_WALK_B,UNTESTED
STATUE_WALK_G,STATUE_WALK_G,UNTESTED
STATUE_WALK_I,STATUE_WALK_I,UNTESTED
STATUE_WALK_S,STATUE_WALK_S,UNTESTED
STORAGEPANEL,STORAGEPANEL,UNTESTED
SUMMON_GARAGE,SUMMON_GARAGE,UNTESTED
SWARM_FLAG_B1,SWARM_FLAG_B1,UNTESTED
SWARM_FLAG_B2,SWARM_FLAG_B2,UNTESTED
SWARM_FLAG_B3,SWARM_FLAG_B3,UNTESTED
SWARM_FLAG_G1,SWARM_FLAG_G1,UNTESTED
SWARM_FLAG_G2,SWARM_FLAG_G2,UNTESTED
SWARM_FLAG_G3,SWARM_FLAG_G3,UNTESTED
SWARM_FLAG_R1,SWARM_FLAG_R1,UNTESTED
SWARM_FLAG_R2,SWARM_FLAG_R2,UNTESTED
SWARM_FLAG_R3,SWARM_FLAG_R3,UNTESTED
S_ANTENNA0,ANTENNA0,UNTESTED
S_ANTENNA1,ANTENNA1,UNTESTED
S_ANTENNA2,ANTENNA2,UNTESTED
S_ANTENNA3,ANTENNA3,UNTESTED
S_ARCH,ARCH,UNTESTED
S_ARCHB,ARCHB,UNTESTED
S_ARCHB_H,ARCHB,UNTESTED
S_ARCHM,ARCHM,UNTESTED
S_ARCHM_H,ARCHM,UNTESTED
S_ARCHT,ARCHT,UNTESTED
S_ARCHT_H,ARCHT,UNTESTED
S_ARCH_H,ARCH,UNTESTED
S_BAR,BAR,UNTESTED
S_BARREL1,BARREL1,UNTESTED
S_BARRIER,BARRIER,UNTESTED
S_BARSTOOL0,BARSTOOL0,UNTESTED
S_BARTABLE0,BARTABLE0,UNTESTED
S_BARTAPS0,BARTAPS0,UNTESTED
S_BAR_C,BAR,UNTESTED
S_BAR_H,BAR,UNTESTED
S_BRICKSWRAPPED,BRICKSWRAPPED,UNTESTED
S_BUCKET_M,BUCKET,UNTESTED
S_BUCKET_S,BUCKET_S,UNTESTED
S_BURNER0,BURNER0,UNTESTED
S_CANISTER0,CANISTER0,UNTESTED
S_CANISTER1,CANISTER1,UNTESTED
S_CANOPY_WALL0,CANOPY_WALL0,UNTESTED
S_CANOPY_WALL1,CANOPY_WALL1,UNTESTED
S_CANOPY_WALL2,CANOPY_WALL2,UNTESTED
S_CARRIAGE,CARRIAGE,UNTESTED
S_CARRIAGEWHEEL,CARRIAGEWHEEL,UNTESTED
S_CEMENTBAG,CEMENTBAG,UNTESTED
S_CEMENTMIXER,CEMENTMIXER,UNTESTED
S_CHAIR0,CHAIR0,UNTESTED
S_CHEV_DOOR,CHEV_DOOR,UNTESTED
S_CHEV_WALL,CHEV_WALL,UNTESTED
S_CHEV_WALL_H_C,CHEV_WALL_H,UNTESTED
S_CHEV_WIN0,CHEV_WIN0,UNTESTED
S_CHEV_WIN1,CHEV_WIN1,UNTESTED
S_CHEV_WIN2,CHEV_WIN2,UNTESTED
S_COMPOSTBIN,COMPOSTBIN,UNTESTED
S_CONTAINER0,CONTAINER0,UNTESTED
S_CONTAINER1,CONTAINER1,UNTESTED
S_CONTAINER2,CONTAINER2,UNTESTED
S_CONTAINER3,CONTAINER3,UNTESTED
S_CONTAINER4,CONTAINER4,UNTESTED
S_CONTAINER5,CONTAINER5,UNTESTED
S_CONTAINER6,CONTAINER6,UNTESTED
S_CONTAINER7,CONTAINER7,UNTESTED
S_CONTAINER8,CONTAINER8,UNTESTED
S_CONTAINER9,CONTAINER9,UNTESTED
S_CRATE0,CRATE0,UNTESTED
S_CRATE1,CRATE1,UNTESTED
S_CRATE2,CRATE2,UNTESTED
S_CRATE3,CRATE3,UNTESTED
S_CRATE3OPEN,CRATE3OPEN,UNTESTED
S_CRATE4,CRATE4,UNTESTED
S_CRATE4OPEN,CRATE4OPEN,UNTESTED
S_CRATE4OPEN1,CRATE4OPEN1,UNTESTED
S_CUP0,CUP0,UNTESTED
S_CURTAIN0,CURTAIN0,UNTESTED
S_DOOR,DOOR,UNTESTED
S_DOOR1,DOOR1,UNTESTED
S_DOORB0,DOORB0,UNTESTED
S_DOORB0_H,DOORB0,UNTESTED
S_DOORB1,DOORB1,UNTESTED
S_DOORM0,DOORM0,UNTESTED
S_DOORM0_H,DOORM0,UNTESTED
S_DOORM1,DOORM1,UNTESTED
S_DOORT0,DOORT0,UNTESTED
S_DOORT0_H,DOORT0,UNTESTED
S_DOORT1,DOORT1,UNTESTED
S_DOORWINB0,DOORWINB0,UNTESTED
S_DOORWINDOW,DOORWINDOW,UNTESTED
S_DOORWINM0,DOORWINM0,UNTESTED
S_DOORWINT0,DOORWINT0,UNTESTED
S_DOOR_H,DOOR,UNTESTED
S_DRAPE0,DRAPE0,UNTESTED
S_EXCBUCKET,EXCBUCKET,UNTESTED
S_FABROLL0,FABROLL0,UNTESTED
S_FABROLLPILE0,FABROLLPILE0,UNTESTED
S_FENCE0,FENCE0,UNTESTED
S_FENCE1,FENCE1,UNTESTED
S_FENCE2,FENCE2,UNTESTED
S_FENCE3,FENCE3,UNTESTED
S_FLAG5,FLAG5,UNTESTED
S_FLAG6,FLAG6,UNTESTED
S_FLOOR,FLOOR,UNTESTED
S_FLOOR_Q,FLOOR,UNTESTED
S_FURNACE,FURNACE,UNTESTED
S_GAZEBO0,GAZEBO0,UNTESTED
S_GDOOR,GDOOR,UNTESTED
S_GDOORB0,GDOORB0,UNTESTED
S_GDOORM0,GDOORM0,UNTESTED
S_GDOORT0,GDOORT0,UNTESTED
S_GENERATOR,GENERATOR,UNTESTED
S_GFLOOR,GFLOOR,UNTESTED
S_GLOWGLOBE,GLOWGLOBE,UNTESTED
S_HANGLAMP0,HANGLAMP0,UNTESTED
S_HANGLAMP1,HANGLAMP1,UNTESTED
S_HANGLAMP2,HANGLAMP2,UNTESTED
S_HANGLAMP3,HANGLAMP3,UNTESTED
S_LANDINGZONE,LANDINGZONE,UNTESTED
S_LARGETRYE0,LARGETRYE0,UNTESTED
S_LIGHTSTRIP0,LIGHTSTRIP0,UNTESTED
S_MACHINE0,MACHINE0,UNTESTED
S_MILKBOTTLE,MILKBOTTLE,UNTESTED
S_MILKCRATE,MILKCRATE,UNTESTED
S_PALLET,PALLET,UNTESTED
S_PALLET_BRICK,PALLET_BRICK,UNTESTED
S_PAN0,PAN0,UNTESTED
S_PLANTER_M,PLANTER,UNTESTED
S_POSTER0,POSTER0,UNTESTED
S_POSTER1,POSTER1,UNTESTED
S_POSTER10,POSTER10,UNTESTED
S_POSTER11,POSTER11,UNTESTED
S_POSTER12,POSTER12,UNTESTED
S_POSTER13,POSTER13,UNTESTED
S_POSTER14,POSTER14,UNTESTED
S_POSTER15,POSTER15,UNTESTED
S_POSTER16,POSTER16,UNTESTED
S_POSTER17,POSTER17,UNTESTED
S_POSTER18,POSTER18,UNTESTED
S_POSTER19,POSTER19,UNTESTED
S_POSTER2,POSTER2,UNTESTED
S_POSTER20,POSTER20,UNTESTED
S_POSTER21,POSTER21,UNTESTED
S_POSTER22,POSTER22,UNTESTED
S_POSTER23,POSTER23,UNTESTED
S_POSTER24,POSTER24,UNTESTED
S_POSTER25,POSTER25,UNTESTED
S_POSTER26,POSTER26,UNTESTED
S_POSTER27,POSTER27,UNTESTED
S_POSTER28,POSTER28,UNTESTED
S_POSTER29,POSTER29,UNTESTED
S_POSTER3,POSTER3,UNTESTED
S_POSTER30,POSTER30,UNTESTED
S_POSTER31,POSTER31,UNTESTED
S_POSTER4,POSTER4,UNTESTED
S_POSTER5,POSTER5,UNTESTED
S_POSTER6,POSTER6,UNTESTED
S_POSTER7,POSTER7,UNTESTED
S_POSTER8,POSTER8,UNTESTED
S_POSTER9,POSTER9,UNTESTED
S_POT0,POT0,UNTESTED
S_PUMP,PUMP,UNTESTED
S_RAMP,STAIR_FULL_RAMP,BLENDER_USER_CHECK
S_RAMP_H,RAMP,UNTESTED
S_RAMP_Q_TOP,RAMP_Q_TOP,UNTESTED
S_ROOF0,ROOF0,UNTESTED
S_ROOF1,ROOF1,UNTESTED
S_ROOF2,ROOF2,UNTESTED
S_ROOF3,ROOF3,UNTESTED
S_ROOF4,ROOF4,UNTESTED
S_ROOF5,ROOF5,UNTESTED
S_ROOF_C,ROOF,UNTESTED
S_ROOF_E_CAP,ROOF_E_CAP,UNTESTED
S_ROOF_E_Q,ROOF_E,UNTESTED
S_ROOF_IC,ROOF,UNTESTED
S_ROOF_M,ROOF,UNTESTED
S_ROOF_M_CAP,ROOF_M_CAP,UNTESTED
S_ROOF_M_Q,ROOF_M,UNTESTED
S_ROOF_M_WIN,ROOF_M_WIN,UNTESTED
S_RSJSTACK,RSJSTACK,UNTESTED
S_RUG0,RUG0,UNTESTED
S_RUG1,RUG1,UNTESTED
S_SAIL0,SAIL0,UNTESTED
S_SAIL1,SAIL1,UNTESTED
S_SAIL2,SAIL2,UNTESTED
S_SAIL3,SAIL3,UNTESTED
S_SCAFFOLD_L,SCAFFOLD_L,UNTESTED
S_SCAFFOLD_M,SCAFFOLD,UNTESTED
S_SCISSORLIFT,SCISSORLIFT,UNTESTED
S_SHELVINGUNIT0,SHELVINGUNIT0,UNTESTED
S_SHOVEL,SHOVEL,UNTESTED
S_SIGN_BAR0,SIGN_BAR0,UNTESTED
S_SIGN_BAR1,SIGN_BAR1,UNTESTED
S_SIGN_BAR2,SIGN_BAR2,UNTESTED
S_SIGN_BAR3,SIGN_BAR3,UNTESTED
S_SPARKPLUG,SPARKPLUG,UNTESTED
S_STEPLADDER,STEPLADDER,UNTESTED
S_STREETLAMP0,STREETLAMP0,UNTESTED
S_TABLELAMP0,TABLELAMP0,UNTESTED
S_TABLEPOT0,TABLEPOT0,UNTESTED
S_TOWER,TOWER,UNTESTED
S_TOWER_B,TOWER_B,UNTESTED
S_TOWER_B_FA,TOWER_B_FA,UNTESTED
S_TOWER_C,TOWER,UNTESTED
S_TOWER_FA,TOWER_FA,UNTESTED
S_TRAY0,TRAY0,UNTESTED
S_TRIFLOOR,TRIFLOOR,UNTESTED
S_TRIFLOOR_Q,TRIFLOOR,UNTESTED
S_TROUGH0,TROUGH0,UNTESTED
S_WALL,WALL,UNTESTED
S_WALLB,WALLB,UNTESTED
S_WALLB_DIAGONA,WALLB_DIAGONA,UNTESTED
S_WALLB_H,WALLB,UNTESTED
S_WALLB_WIN0,WALLB_WIN0,UNTESTED
S_WALLB_WIN1,WALLB_WIN1,UNTESTED
S_WALLB_WIN2,WALLB_WIN2,UNTESTED
S_WALLB_WIN3,WALLB_WIN3,UNTESTED
S_WALLDIAGONAL,WALLDIAGONAL,UNTESTED
S_WALLHANGING1,WALLHANGING1,UNTESTED
S_WALLHANGING2,WALLHANGING2,UNTESTED
S_WALLHANGING3,WALLHANGING3,UNTESTED
S_WALLLIGHT0,WALLLIGHT0,UNTESTED
S_WALLM,WALLM,UNTESTED
S_WALLM_DIAGONA,WALLM_DIAGONA,UNTESTED
S_WALLM_H,WALLM,UNTESTED
S_WALLM_WIN0,WALLM_WIN0,UNTESTED
S_WALLM_WIN1,WALLM_WIN1,UNTESTED
S_WALLM_WIN2,WALLM_WIN2,UNTESTED
S_WALLM_WIN3,WALLM_WIN3,UNTESTED
S_WALLT,WALLT,UNTESTED
S_WALLT_DIAGONA,WALLT_DIAGONA,UNTESTED
S_WALLT_H,WALLT,UNTESTED
S_WALLT_WIN0,WALLT_WIN0,UNTESTED
S_WALLT_WIN1,WALLT_WIN1,UNTESTED
S_WALLT_WIN2,WALLT_WIN2,UNTESTED
S_WALLT_WIN3,WALLT_WIN3,UNTESTED
S_WALL_H,WALL,UNTESTED
S_WALL_Q,WALL,UNTESTED
S_WALL_Q1,WALL_Q1,UNTESTED
S_WALL_Q_H,WALL_Q,UNTESTED
S_WALL_Q_H1,WALL_Q,UNTESTED
S_WALL_SUPPORTS,WALL_SUPPORTS,UNTESTED
S_WALL_WIN1,WALL_WIN1,UNTESTED
S_WALL_WIN2,WALL_WIN2,UNTESTED
S_WALL_WIN3,WALL_WIN3,UNTESTED
S_WALL_WINDOW,WALL_WINDOW,UNTESTED
S_WATERTOWER,WATERTOWER,UNTESTED
S_WATERVALVE0,WATERVALVE0,UNTESTED
S_WHEELBARROW,WHEELBARROW,UNTESTED
TECHPANEL,TECHPANEL,UNTESTED
TELEPORTER,TELEPORTER,UNTESTED
TELEPORTER_F,TELEPORTER_F,UNTESTED
TOXICPLANT,TOXICPLANT,UNTESTED
TURRET_ABAND,TURRET_ABAND,UNTESTED
T_ARCH,ARCH,UNTESTED
T_ARCHB,ARCHB,UNTESTED
T_ARCHB_H,ARCHB,UNTESTED
T_ARCHM,ARCHM,UNTESTED
T_ARCHM_H,ARCHM,UNTESTED
T_ARCHT,ARCHT,UNTESTED
T_ARCHT_H,ARCHT,UNTESTED
T_ARCH_H,ARCH,UNTESTED
T_CHEV_DOOR,CHEV_DOOR,UNTESTED
T_CHEV_WALL,CHEV_WALL,UNTESTED
T_CHEV_WALL_H_C,CHEV_WALL_H,UNTESTED
T_CHEV_WIN0,CHEV_WIN0,UNTESTED
T_CHEV_WIN1,CHEV_WIN1,UNTESTED
T_CHEV_WIN2,CHEV_WIN2,UNTESTED
T_DOOR,DOOR,UNTESTED
T_DOOR1,DOOR1,UNTESTED
T_DOORB0,DOORB0,UNTESTED
T_DOORB0_H,DOORB0,UNTESTED
T_DOORB1,DOORB1,UNTESTED
T_DOORM0,DOORM0,UNTESTED
T_DOORM0_H,DOORM0,UNTESTED
T_DOORM1,DOORM1,UNTESTED
T_DOORT0,DOORT0,UNTESTED
T_DOORT0_H,DOORT0,UNTESTED
T_DOORT1,DOORT1,UNTESTED
T_DOORWINB0,DOORWINB0,UNTESTED
T_DOORWINDOW,DOORWINDOW,UNTESTED
T_DOORWINM0,DOORWINM0,UNTESTED
T_DOORWINT0,DOORWINT0,UNTESTED
T_DOOR_H,DOOR,UNTESTED
T_FLOOR,FLOOR,UNTESTED
T_FLOOR_Q,FLOOR,UNTESTED
T_GDOOR,GDOOR,UNTESTED
T_GDOORB0,GDOORB0,UNTESTED
T_GDOORM0,GDOORM0,UNTESTED
T_GDOORT0,GDOORT0,UNTESTED
T_GFLOOR,GFLOOR,UNTESTED
T_RAMP,STAIR_FULL_RAMP,BLENDER_USER_CHECK
T_RAMP_H,RAMP,UNTESTED
T_RAMP_Q_TOP,RAMP_Q_TOP,UNTESTED
T_ROOF0,ROOF0,UNTESTED
T_ROOF1,ROOF1,UNTESTED
T_ROOF2,ROOF2,UNTESTED
T_ROOF3,ROOF3,UNTESTED
T_ROOF4,ROOF4,UNTESTED
T_ROOF5,ROOF5,UNTESTED
T_ROOF6,ROOF6,UNTESTED
T_ROOF7,ROOF7,UNTESTED
T_ROOF_C,ROOF,UNTESTED
T_ROOF_E_CAP,ROOF_E_CAP,UNTESTED
T_ROOF_E_Q,ROOF_E,UNTESTED
T_ROOF_IC,ROOF,UNTESTED
T_ROOF_M,ROOF,UNTESTED
T_ROOF_M_CAP,ROOF_M_CAP,UNTESTED
T_ROOF_M_CAP_Glass,ROOF_M_CAP_Glass,UNTESTED
T_ROOF_M_Q,ROOF_M,UNTESTED
T_ROOF_M_WIN,ROOF_M_WIN,UNTESTED
T_TRIFLOOR,TRIFLOOR,UNTESTED
T_TRIFLOOR_Q,TRIFLOOR,UNTESTED
T_WALL,WALL,UNTESTED
T_WALLB,WALLB,UNTESTED
T_WALLB_DIAGONA,WALLB_DIAGONA,UNTESTED
T_WALLB_H,WALLB,UNTESTED
T_WALLB_WIN0,WALLB_WIN0,UNTESTED
T_WALLB_WIN1,WALLB_WIN1,UNTESTED
T_WALLB_WIN2,WALLB_WIN2,UNTESTED
T_WALLB_WIN3,WALLB_WIN3,UNTESTED
T_WALLDIAGONAL,WALLDIAGONAL,UNTESTED
T_WALLM,WALLM,UNTESTED
T_WALLM_DIAGONA,WALLM_DIAGONA,UNTESTED
T_WALLM_H,WALLM,UNTESTED
T_WALLM_WIN0,WALLM_WIN0,UNTESTED
T_WALLM_WIN1,WALLM_WIN1,UNTESTED
T_WALLM_WIN2,WALLM_WIN2,UNTESTED
T_WALLM_WIN3,WALLM_WIN3,UNTESTED
T_WALLT,WALLT,UNTESTED
T_WALLT_DIAGONA,WALLT_DIAGONA,UNTESTED
T_WALLT_H,WALLT,UNTESTED
T_WALLT_WIN0,WALLT_WIN0,UNTESTED
T_WALLT_WIN1,WALLT_WIN1,UNTESTED
T_WALLT_WIN2,WALLT_WIN2,UNTESTED
T_WALLT_WIN3,WALLT_WIN3,UNTESTED
T_WALL_H,WALL,UNTESTED
T_WALL_Q,WALL,UNTESTED
T_WALL_Q1,WALL_Q1,UNTESTED
T_WALL_Q_H,WALL_Q,UNTESTED
T_WALL_Q_H1,WALL_Q,UNTESTED
T_WALL_WIN1,WALL_WIN1,UNTESTED
T_WALL_WIN2,WALL_WIN2,UNTESTED
T_WALL_WIN3,WALL_WIN3,UNTESTED
T_WALL_WINDOW,WALL_WINDOW,UNTESTED
U_BATTERY_S,BATTERY_S,UNTESTED
U_BIOGENERATOR,BIOGENERATOR,UNTESTED
U_BYTEBEATLINE,BYTEBEATLINE,UNTESTED
U_EXTRACTOR_S,EXTRACTOR_S,UNTESTED
U_GASEXTRACTOR,GASEXTRACTOR,UNTESTED
U_GENERATOR_S,GENERATOR_S,UNTESTED
U_MINIPORTAL,MINIPORTAL,UNTESTED
U_MINIPORTAL_CV,MINIPORTAL_CV,UNTESTED
U_PIPELINE,PIPELINE,UNTESTED
U_PORTALLINE,PORTALLINE,UNTESTED
U_POWERLINE,POWERLINE,UNTESTED
U_SILO_S,SILO_S,UNTESTED
U_SOLAR_S,SOLAR_S,UNTESTED
U_SWITCHBUTTON,SWITCHBUTTON,UNTESTED
U_SWITCHPRESS,SWITCHPRESS,UNTESTED
U_SWITCHPROX,SWITCHPROX,UNTESTED
U_SWITCHWALL,SWITCHWALL,UNTESTED
U_TRANSISTOR1,TRANSISTOR1,UNTESTED
U_TRANSISTOR2,TRANSISTOR2,UNTESTED
VIEWSPHERE,VIEWSPHERE,UNTESTED
WALL,WALL,UNTESTED
WALLCURVED,WALLCURVED,UNTESTED
WALLDOOR,WALLDOOR,UNTESTED
WALLFAN,WALLFAN,UNTESTED
WALLFLAG1,WALLFLAG1,UNTESTED
WALLFLAG2,WALLFLAG2,UNTESTED
WALLFLAG3,WALLFLAG3,UNTESTED
WALLFLOORLADDER,WALLFLOORLADDER,UNTESTED
WALLLIGHTBLUE,WALLLIGHTBLUE,UNTESTED
WALLLIGHTGREEN,WALLLIGHTGREEN,UNTESTED
WALLLIGHTPINK,WALLLIGHTPINK,UNTESTED
WALLLIGHTRED,WALLLIGHTRED,UNTESTED
WALLLIGHTWHITE,WALLLIGHTWHITE,UNTESTED
WALLLIGHTYELLOW,WALLLIGHTYELLOW,UNTESTED
WALLSCREEN,WALLSCREEN,UNTESTED
WALLSCREENB,WALLSCREENB,UNTESTED
WALLSCREENB2,WALLSCREENB2,UNTESTED
WALLTALL,WALLTALL,UNTESTED
WATERBUBBLE,WATERBUBBLE,UNTESTED
WEAPONRACK,WEAPONRACK,UNTESTED
WEDGESHAPE,WEDGESHAPE,UNTESTED
WEDGESMALLSHAPE,WEDGESMALLSHAPE,UNTESTED
W_ARCH,ARCH,UNTESTED
W_ARCH_H,ARCH,UNTESTED
W_DOOR,DOOR,UNTESTED
W_DOORWINDOW,DOORWINDOW,UNTESTED
W_DOOR_H,DOOR,UNTESTED
W_FLOOR,FLOOR,UNTESTED
W_FLOOR_Q,FLOOR,UNTESTED
W_GDOOR,GDOOR,UNTESTED
W_GFLOOR,GFLOOR,UNTESTED
W_RAMP,STAIR_FULL_RAMP,BLENDER_USER_CHECK
W_RAMP_H,RAMP,UNTESTED
W_ROOF,ROOF,UNTESTED
W_ROOF_C,ROOF,UNTESTED
W_ROOF_IC,ROOF,UNTESTED
W_ROOF_M,ROOF,UNTESTED
W_TRIFLOOR,TRIFLOOR,UNTESTED
W_TRIFLOOR_Q,TRIFLOOR,UNTESTED
W_WALL,WALL,UNTESTED
W_WALLDIAGONAL,WALLDIAGONAL,UNTESTED
W_WALL_H,WALL,UNTESTED
W_WALL_Q,WALL,UNTESTED
W_WALL_Q_H,WALL_Q,UNTESTED
W_WALL_WINDOW,WALL_WINDOW,UNTESTED
